case_ref,original_e1_candidate_id,source_run,source_session_id,source_partition,source_cohort,e5_corrected_cohort,source_metadata_path,source_metadata_check,failed_checks,independent_incident_review,main_protocol_approved
LAB-0CAFDE513F7B918AAC,E1_LAM_E5_REMAINING_V6_20260919T165649Z__TEST_DOS_02,E1_LAM_E5_REMAINING_V6_20260919T165649Z,TEST_DOS_02,TEST,,E1 Test,/home/lam/hybrid-nids/experimental_results/E1_LAM_E5_REMAINING_V6_20260919T165649Z/test/TEST_DOS_02/session_metadata.json,PASS,,PENDING_HUMAN_VERIFICATION,False
LAB-18F3677AD3F32331A1,E1_LAM_E5_NEW_TEST_20260919T162748Z__TEST_SCAN_02,E1_LAM_E5_NEW_TEST_20260919T162748Z,TEST_SCAN_02,TEST,,E1 Test,/home/lam/hybrid-nids/experimental_results/E1_LAM_E5_NEW_TEST_20260919T162748Z/test/TEST_SCAN_02/session_metadata.json,PASS,,PENDING_HUMAN_VERIFICATION,False
LAB-1B03F756584474B4C5,E1_LAM_E5_NEW_TEST_20260919T162748Z__TEST_SCAN_03,E1_LAM_E5_NEW_TEST_20260919T162748Z,TEST_SCAN_03,TEST,,E1 Test,/home/lam/hybrid-nids/experimental_results/E1_LAM_E5_NEW_TEST_20260919T162748Z/test/TEST_SCAN_03/session_metadata.json,PASS,,PENDING_HUMAN_VERIFICATION,False
LAB-1CB7C52291327DF157,E1_LAM_E5_REMAINING_V6_20260919T165649Z__TEST_DOS_01,E1_LAM_E5_REMAINING_V6_20260919T165649Z,TEST_DOS_01,TEST,,E1 Test,/home/lam/hybrid-nids/experimental_results/E1_LAM_E5_REMAINING_V6_20260919T165649Z/test/TEST_DOS_01/session_metadata.json,PASS,,PENDING_HUMAN_VERIFICATION,False
LAB-25C5A61264A901A068,E1_LAM_E5_REMAINING_V6_20260919T165649Z__TEST_DOS_04,E1_LAM_E5_REMAINING_V6_20260919T165649Z,TEST_DOS_04,TEST,,E1 Test,/home/lam/hybrid-nids/experimental_results/E1_LAM_E5_REMAINING_V6_20260919T165649Z/test/TEST_DOS_04/session_metadata.json,PASS,,PENDING_HUMAN_VERIFICATION,False
LAB-4832C44FC632AF4496,E1_LAM_E5_LAST6_20260919T171320Z__TEST_EXPLOIT_06,E1_LAM_E5_LAST6_20260919T171320Z,TEST_EXPLOIT_06,TEST,,E1 Test,/home/lam/hybrid-nids/experimental_results/E1_LAM_E5_LAST6_20260919T171320Z/test/TEST_EXPLOIT_06/session_metadata.json,PASS,,PENDING_HUMAN_VERIFICATION,False
LAB-4AA8AAEEA87E99346F,E1_LAM_E5_NEW_TEST_20260919T162748Z__TEST_BRUTE_04,E1_LAM_E5_NEW_TEST_20260919T162748Z,TEST_BRUTE_04,TEST,,E1 Test,/home/lam/hybrid-nids/experimental_results/E1_LAM_E5_NEW_TEST_20260919T162748Z/test/TEST_BRUTE_04/session_metadata.json,PASS,,PENDING_HUMAN_VERIFICATION,False
LAB-4CBA28C0FA7703924C,E1_LAM_E5_LAST6_20260919T171320Z__TEST_EXPLOIT_03,E1_LAM_E5_LAST6_20260919T171320Z,TEST_EXPLOIT_03,TEST,,E1 Test,/home/lam/hybrid-nids/experimental_results/E1_LAM_E5_LAST6_20260919T171320Z/test/TEST_EXPLOIT_03/session_metadata.json,PASS,,PENDING_HUMAN_VERIFICATION,False
LAB-4F84106AD20B85507B,E1_LAM_E5_REMAINING_V6_20260919T165649Z__TEST_DOS_06,E1_LAM_E5_REMAINING_V6_20260919T165649Z,TEST_DOS_06,TEST,,E1 Test,/home/lam/hybrid-nids/experimental_results/E1_LAM_E5_REMAINING_V6_20260919T165649Z/test/TEST_DOS_06/session_metadata.json,PASS,,PENDING_HUMAN_VERIFICATION,False
LAB-5711A8BFA4E7E45E8F,E1_LAM_E5_NEW_TEST_20260919T162748Z__TEST_SCAN_06,E1_LAM_E5_NEW_TEST_20260919T162748Z,TEST_SCAN_06,TEST,,E1 Test,/home/lam/hybrid-nids/experimental_results/E1_LAM_E5_NEW_TEST_20260919T162748Z/test/TEST_SCAN_06/session_metadata.json,PASS,,PENDING_HUMAN_VERIFICATION,False
LAB-57274F2ECF9B6CBCC7,E1_LAM_E5_LAST6_20260919T171320Z__TEST_EXPLOIT_04,E1_LAM_E5_LAST6_20260919T171320Z,TEST_EXPLOIT_04,TEST,,E1 Test,/home/lam/hybrid-nids/experimental_results/E1_LAM_E5_LAST6_20260919T171320Z/test/TEST_EXPLOIT_04/session_metadata.json,PASS,,PENDING_HUMAN_VERIFICATION,False
LAB-5B74F06E6B9727D0CF,E1_LAM_E5_REMAINING_V6_20260919T165649Z__TEST_BRUTE_07,E1_LAM_E5_REMAINING_V6_20260919T165649Z,TEST_BRUTE_07,TEST,,E1 Test,/home/lam/hybrid-nids/experimental_results/E1_LAM_E5_REMAINING_V6_20260919T165649Z/test/TEST_BRUTE_07/session_metadata.json,PASS,,PENDING_HUMAN_VERIFICATION,False
LAB-5F2E90F39871B39DF4,E1_LAM_E5_NEW_TEST_20260919T162748Z__TEST_BRUTE_01,E1_LAM_E5_NEW_TEST_20260919T162748Z,TEST_BRUTE_01,TEST,,E1 Test,/home/lam/hybrid-nids/experimental_results/E1_LAM_E5_NEW_TEST_20260919T162748Z/test/TEST_BRUTE_01/session_metadata.json,PASS,,PENDING_HUMAN_VERIFICATION,False
LAB-6166252D362F99D038,E1_LAM_E5_NEW_TEST_20260919T162748Z__TEST_BRUTE_03,E1_LAM_E5_NEW_TEST_20260919T162748Z,TEST_BRUTE_03,TEST,,E1 Test,/home/lam/hybrid-nids/experimental_results/E1_LAM_E5_NEW_TEST_20260919T162748Z/test/TEST_BRUTE_03/session_metadata.json,PASS,,PENDING_HUMAN_VERIFICATION,False
LAB-65552FD7C2CA385C1D,E1_LAM_E5_NEW_TEST_20260919T162748Z__TEST_BRUTE_06,E1_LAM_E5_NEW_TEST_20260919T162748Z,TEST_BRUTE_06,TEST,,E1 Test,/home/lam/hybrid-nids/experimental_results/E1_LAM_E5_NEW_TEST_20260919T162748Z/test/TEST_BRUTE_06/session_metadata.json,PASS,,PENDING_HUMAN_VERIFICATION,False
LAB-906DF81E82EE71FA5C,E1_LAM_E5_NEW_TEST_20260919T162748Z__TEST_SCAN_04,E1_LAM_E5_NEW_TEST_20260919T162748Z,TEST_SCAN_04,TEST,,E1 Test,/home/lam/hybrid-nids/experimental_results/E1_LAM_E5_NEW_TEST_20260919T162748Z/test/TEST_SCAN_04/session_metadata.json,PASS,,PENDING_HUMAN_VERIFICATION,False
LAB-90D3E98B87BBDB966E,E1_LAM_E5_NEW_TEST_20260919T162748Z__TEST_SCAN_07,E1_LAM_E5_NEW_TEST_20260919T162748Z,TEST_SCAN_07,TEST,,E1 Test,/home/lam/hybrid-nids/experimental_results/E1_LAM_E5_NEW_TEST_20260919T162748Z/test/TEST_SCAN_07/session_metadata.json,PASS,,PENDING_HUMAN_VERIFICATION,False
LAB-A2ECDB8E97B0C27ACA,E1_LAM_E5_SCAN_V4_20260919T161121Z__TEST_SCAN_01,E1_LAM_E5_SCAN_V4_20260919T161121Z,TEST_SCAN_01,TEST,,E1 Test,/home/lam/hybrid-nids/experimental_results/E1_LAM_E5_SCAN_V4_20260919T161121Z/test/TEST_SCAN_01/session_metadata.json,PASS,,PENDING_HUMAN_VERIFICATION,False
LAB-A84282BE7509A81425,E1_LAM_E5_REMAINING_V6_20260919T165649Z__TEST_EXPLOIT_01,E1_LAM_E5_REMAINING_V6_20260919T165649Z,TEST_EXPLOIT_01,TEST,,E1 Test,/home/lam/hybrid-nids/experimental_results/E1_LAM_E5_REMAINING_V6_20260919T165649Z/test/TEST_EXPLOIT_01/session_metadata.json,PASS,,PENDING_HUMAN_VERIFICATION,False
LAB-AE6980393E713AA230,E1_LAM_E5_NEW_TEST_20260919T162748Z__TEST_BRUTE_05,E1_LAM_E5_NEW_TEST_20260919T162748Z,TEST_BRUTE_05,TEST,,E1 Test,/home/lam/hybrid-nids/experimental_results/E1_LAM_E5_NEW_TEST_20260919T162748Z/test/TEST_BRUTE_05/session_metadata.json,PASS,,PENDING_HUMAN_VERIFICATION,False
LAB-B8FEEDF5ECE73680C4,E1_LAM_E5_EXPLOIT07_FINAL_20260919T171947Z__TEST_EXPLOIT_07,E1_LAM_E5_EXPLOIT07_FINAL_20260919T171947Z,TEST_EXPLOIT_07,TEST,,E1 Test,/home/lam/hybrid-nids/experimental_results/E1_LAM_E5_EXPLOIT07_FINAL_20260919T171947Z/test/TEST_EXPLOIT_07/session_metadata.json,PASS,,PENDING_HUMAN_VERIFICATION,False
LAB-C18214D5DBE8556154,E1_LAM_E5_NEW_TEST_20260919T162748Z__TEST_BRUTE_02,E1_LAM_E5_NEW_TEST_20260919T162748Z,TEST_BRUTE_02,TEST,,E1 Test,/home/lam/hybrid-nids/experimental_results/E1_LAM_E5_NEW_TEST_20260919T162748Z/test/TEST_BRUTE_02/session_metadata.json,PASS,,PENDING_HUMAN_VERIFICATION,False
LAB-C1FA4F52AD93E68479,E1_LAM_E5_REMAINING_V6_20260919T165649Z__TEST_DOS_03,E1_LAM_E5_REMAINING_V6_20260919T165649Z,TEST_DOS_03,TEST,,E1 Test,/home/lam/hybrid-nids/experimental_results/E1_LAM_E5_REMAINING_V6_20260919T165649Z/test/TEST_DOS_03/session_metadata.json,PASS,,PENDING_HUMAN_VERIFICATION,False
LAB-C5293CDAC27CDE9066,E1_LAM_E5_LAST6_20260919T171320Z__TEST_EXPLOIT_02,E1_LAM_E5_LAST6_20260919T171320Z,TEST_EXPLOIT_02,TEST,,E1 Test,/home/lam/hybrid-nids/experimental_results/E1_LAM_E5_LAST6_20260919T171320Z/test/TEST_EXPLOIT_02/session_metadata.json,PASS,,PENDING_HUMAN_VERIFICATION,False
LAB-D2B2E15C5D0FDD3894,E1_LAM_E5_NEW_TEST_20260919T162748Z__TEST_SCAN_08,E1_LAM_E5_NEW_TEST_20260919T162748Z,TEST_SCAN_08,TEST,,E1 Test,/home/lam/hybrid-nids/experimental_results/E1_LAM_E5_NEW_TEST_20260919T162748Z/test/TEST_SCAN_08/session_metadata.json,PASS,,PENDING_HUMAN_VERIFICATION,False
LAB-E1636C145D47505266,E1_LAM_E5_REMAINING_V6_20260919T165649Z__TEST_DOS_05,E1_LAM_E5_REMAINING_V6_20260919T165649Z,TEST_DOS_05,TEST,,E1 Test,/home/lam/hybrid-nids/experimental_results/E1_LAM_E5_REMAINING_V6_20260919T165649Z/test/TEST_DOS_05/session_metadata.json,PASS,,PENDING_HUMAN_VERIFICATION,False
LAB-E818B9E55B1096CC8B,E1_LAM_E5_NEW_TEST_20260919T162748Z__TEST_SCAN_05,E1_LAM_E5_NEW_TEST_20260919T162748Z,TEST_SCAN_05,TEST,,E1 Test,/home/lam/hybrid-nids/experimental_results/E1_LAM_E5_NEW_TEST_20260919T162748Z/test/TEST_SCAN_05/session_metadata.json,PASS,,PENDING_HUMAN_VERIFICATION,False
LAB-EE3C1D501460A49D4D,E1_LAM_E5_NEW_TEST_20260919T162748Z__TEST_SCAN_09,E1_LAM_E5_NEW_TEST_20260919T162748Z,TEST_SCAN_09,TEST,,E1 Test,/home/lam/hybrid-nids/experimental_results/E1_LAM_E5_NEW_TEST_20260919T162748Z/test/TEST_SCAN_09/session_metadata.json,PASS,,PENDING_HUMAN_VERIFICATION,False
LAB-F130AB9E47FEAE4DAA,E1_LAM_E5_REMAINING_V6_20260919T165649Z__TEST_DOS_07,E1_LAM_E5_REMAINING_V6_20260919T165649Z,TEST_DOS_07,TEST,,E1 Test,/home/lam/hybrid-nids/experimental_results/E1_LAM_E5_REMAINING_V6_20260919T165649Z/test/TEST_DOS_07/session_metadata.json,PASS,,PENDING_HUMAN_VERIFICATION,False
LAB-FEB92077B0B41ECAD9,E1_LAM_E5_LAST6_20260919T171320Z__TEST_EXPLOIT_05,E1_LAM_E5_LAST6_20260919T171320Z,TEST_EXPLOIT_05,TEST,,E1 Test,/home/lam/hybrid-nids/experimental_results/E1_LAM_E5_LAST6_20260919T171320Z/test/TEST_EXPLOIT_05/session_metadata.json,PASS,,PENDING_HUMAN_VERIFICATION,False
