session_id,artifact_type,relative_path,sha256,file_size,created_utc,empty_reason
E1_DEV_NORMAL_01,pcap,e1/sessions/dev/E1_DEV_NORMAL_01/pcap/E1_DEV_NORMAL_01.pcap,e5c24fc608327deaa81d70a5a48dff3c5642b1d97f068ab2d32cd655255061a4,67878,2026-09-18T06:23:36+00:00,
E1_DEV_NORMAL_01,eve,e1/sessions/dev/E1_DEV_NORMAL_01/eve/eve.json,68c6b701103a26aade9f336559501f3cdbdf67c9cccfa4eddd2ec2cbba77dfac,310799,2026-09-18T06:37:00+00:00,
E1_DEV_NORMAL_01,flow,e1/sessions/dev/E1_DEV_NORMAL_01/flows/E1_DEV_NORMAL_01_flows.csv,2f9ad5133d45e36687acd7abb893cbe3d09e5dde2e85210fc2da3e6170b2276b,5360,2026-09-18T06:37:29+00:00,
E1_DEV_NORMAL_01,controller,e1/sessions/dev/E1_DEV_NORMAL_01/controller/E1_DEV_NORMAL_01.log,433dff4db527dbb963beda57982cbcf898298b19d0abf1041840ed97625db1f6,2196,2026-09-18T06:25:29+00:00,
E1_DEV_NORMAL_01,host_log,e1/sessions/dev/E1_DEV_NORMAL_01/hostlogs/http_server.log,cb69fea02b2c3c472197fc04e68ba164c82b202a10ef0bbefb780c1895f683e4,1040,2026-09-18T06:21:31+00:00,
E1_DEV_NORMAL_01,hardware,e1/sessions/dev/E1_DEV_NORMAL_01/sysstats/vmstat.log,721093365ff559045fa07f3bc367f4275a4342bddf1ed85d52e27e4cfbe1b260,74805,2026-09-18T06:25:00+00:00,
E1_DEV_NORMAL_02,pcap,e1/sessions/dev/E1_DEV_NORMAL_02/pcap/E1_DEV_NORMAL_02.pcap,deec01b621f1038efabb8b7b902f261ecb8377e3fcbd40352c46699165f301d9,40866,2026-09-18T06:44:40+00:00,
E1_DEV_NORMAL_02,eve,e1/sessions/dev/E1_DEV_NORMAL_02/eve/eve.json,cbaaf4cc9c7090e328554e102f38681be1ac403a068f5d6f9262217f46470b9c,197711,2026-09-18T06:45:06+00:00,
E1_DEV_NORMAL_02,flow,e1/sessions/dev/E1_DEV_NORMAL_02/flows/E1_DEV_NORMAL_02_flows.csv,e96c90741c6ee77f91eb14973dafed6e81c1ad9c867c471a7b3986e77b20a496,4443,2026-09-18T06:45:07+00:00,
E1_DEV_NORMAL_02,controller,e1/sessions/dev/E1_DEV_NORMAL_02/controller/E1_DEV_NORMAL_02.log,305e4fa7487bcef532a55e037941dfdbf44e5f925e9b4ae4afdb86b22a78c75f,2197,2026-09-18T06:44:46+00:00,
E1_DEV_NORMAL_02,host_log,e1/sessions/dev/E1_DEV_NORMAL_02/hostlogs/http_server.log,b63b0eb66c3fb1ebe4ac82f01b8978e4bc676fa750f45780e88f816753e21943,975,2026-09-18T06:44:37+00:00,
E1_DEV_NORMAL_02,hardware,e1/sessions/dev/E1_DEV_NORMAL_02/sysstats/vmstat.log,da6fe2964f2795324262be73e984f47ee68f0fbbfcebd5ed8dbf7e0f7814bcfd,4508,2026-09-18T06:44:46+00:00,
E1_DEV_NORMAL_03,pcap,e1/sessions/dev/E1_DEV_NORMAL_03/pcap/E1_DEV_NORMAL_03.pcap,63a1dd0fc913f2d4aace365177a22505ae9be8519f5dff30ae7ee7e178427ff0,40702,2026-09-18T06:47:12+00:00,
E1_DEV_NORMAL_03,eve,e1/sessions/dev/E1_DEV_NORMAL_03/eve/eve.json,bb49f8216f2b0496c2f3f2d3922740035230a81ca27cff05ff6087e40ba8716c,196392,2026-09-18T06:47:37+00:00,
E1_DEV_NORMAL_03,flow,e1/sessions/dev/E1_DEV_NORMAL_03/flows/E1_DEV_NORMAL_03_flows.csv,3d4e55f93e7d0731fd836d226ff4d3e395246fd2cef83e392a51f4a4c3c39b23,4404,2026-09-18T06:47:38+00:00,
E1_DEV_NORMAL_03,controller,e1/sessions/dev/E1_DEV_NORMAL_03/controller/E1_DEV_NORMAL_03.log,4954723d377504f9430c2b7bafb29507c00f3756b241a4684c93b5c749cffe2f,2198,2026-09-18T06:47:19+00:00,
E1_DEV_NORMAL_03,host_log,e1/sessions/dev/E1_DEV_NORMAL_03/hostlogs/http_server.log,47509be8d4b0955508a29d35f5f0a1cad37e2ff148c1fbbde59537dd41ed5c0e,975,2026-09-18T06:47:10+00:00,
E1_DEV_NORMAL_03,hardware,e1/sessions/dev/E1_DEV_NORMAL_03/sysstats/vmstat.log,ba140a2485733d33c94d7b7e31fd446fc3de8b293b55312abf45d443300e933a,4508,2026-09-18T06:47:18+00:00,
E1_DEV_SCAN_01,pcap,e1/sessions/dev/E1_DEV_SCAN_01/pcap/E1_DEV_SCAN_01.pcap,452e7d4c0add492419c9dadca4e18fa4e03076b3c6bf623454e930b9134bb7f9,238690,2026-09-18T06:52:16+00:00,
E1_DEV_SCAN_01,eve,e1/sessions/dev/E1_DEV_SCAN_01/eve/eve.json,51fc54e2ccc441a1efb316ce1c9c044c58978e34d61ca9e6bda32c0958bf5d8e,1246301,2026-09-18T06:52:42+00:00,
E1_DEV_SCAN_01,flow,e1/sessions/dev/E1_DEV_SCAN_01/flows/E1_DEV_SCAN_01_flows.csv,7b63564c78e95f5287e5629594c4d9d6e785c5fab88cb2fb336c2624ef9466dc,233095,2026-09-18T06:52:43+00:00,
E1_DEV_SCAN_01,controller,e1/sessions/dev/E1_DEV_SCAN_01/controller/E1_DEV_SCAN_01.log,5e9363a7e7e03416d943234f91a1aefd2c3f663f27658663ca5273c9eb884f43,1579,2026-09-18T06:52:23+00:00,
E1_DEV_SCAN_01,host_log,e1/sessions/dev/E1_DEV_SCAN_01/hostlogs/listening_services_before.txt,f74b5f37164b0dcf13c12a29e9beaf34179dc4658b4b37ddf5c95a04c1d9c4bb,1748,2026-09-18T06:52:02+00:00,
E1_DEV_SCAN_01,hardware,e1/sessions/dev/E1_DEV_SCAN_01/sysstats/vmstat.log,46da087991fd3d6dc97592c98ed8a1efaffab29a1ab75cc6c352f8f9d2e00f19,2129,2026-09-18T06:52:23+00:00,
E1_DEV_SCAN_01,scan_connection_log,e1/sessions/dev/E1_DEV_SCAN_01/scan_connection_log.csv,07416a3ec648951742a236ec164b3fae81cebe57b01aa2984cf1c34bed218ec5,169561,2026-09-18T11:32:43+00:00,
E1_DEV_SCAN_02,pcap,e1/sessions/dev/E1_DEV_SCAN_02/pcap/E1_DEV_SCAN_02.pcap,0c29f85f499678a15b53281c5830544a2c6a14487c97d1522544a75550467e9f,237788,2026-09-18T06:56:13+00:00,
E1_DEV_SCAN_02,eve,e1/sessions/dev/E1_DEV_SCAN_02/eve/eve.json,d77221b304d30718f62e6d85104b5605f35cbf36c366c25abd7882d8a532e810,1244140,2026-09-18T06:56:39+00:00,
E1_DEV_SCAN_02,flow,e1/sessions/dev/E1_DEV_SCAN_02/flows/E1_DEV_SCAN_02_flows.csv,54f15c8f15001108e8a47912849bc751492674b6be2d3fb4411b642e5e02e658,233409,2026-09-18T06:56:40+00:00,
E1_DEV_SCAN_02,controller,e1/sessions/dev/E1_DEV_SCAN_02/controller/E1_DEV_SCAN_02.log,8cd25253a9b29592664db97da4f7ae030a3e2f8e9983c9a672dc7aa790c848fa,1580,2026-09-18T06:56:20+00:00,
E1_DEV_SCAN_02,host_log,e1/sessions/dev/E1_DEV_SCAN_02/hostlogs/listening_services_before.txt,f74b5f37164b0dcf13c12a29e9beaf34179dc4658b4b37ddf5c95a04c1d9c4bb,1748,2026-09-18T06:55:58+00:00,
E1_DEV_SCAN_02,hardware,e1/sessions/dev/E1_DEV_SCAN_02/sysstats/vmstat.log,ba2b5f481fdfcef1ed5f429334ebef1a102ab533955c74f3d1399ead284f190f,1887,2026-09-18T06:56:18+00:00,
E1_DEV_SCAN_02,scan_connection_log,e1/sessions/dev/E1_DEV_SCAN_02/scan_connection_log.csv,4060e42729480f3c8909d0326aa2e7eccd37bbdb251321ecbf48cd471ee025bd,169480,2026-09-18T11:32:43+00:00,
E1_DEV_SCAN_03,pcap,e1/sessions/dev/E1_DEV_SCAN_03/pcap/E1_DEV_SCAN_03.pcap,4a6f151ab79ac6a76ad9ef105ccbb6d340f163344e5b8554cfb903cf99d87fa3,237870,2026-09-18T06:59:16+00:00,
E1_DEV_SCAN_03,eve,e1/sessions/dev/E1_DEV_SCAN_03/eve/eve.json,78926b32739e7943712c5713ca4cee9a23b7973f09fc2dba2fe0ead9b39de21d,1242229,2026-09-18T06:59:41+00:00,
E1_DEV_SCAN_03,flow,e1/sessions/dev/E1_DEV_SCAN_03/flows/E1_DEV_SCAN_03_flows.csv,a11cabb87d5fcc2e75f2d88fe1b42b9aed2af62b9526b21b67f12de0271c97be,233295,2026-09-18T06:59:42+00:00,
E1_DEV_SCAN_03,controller,e1/sessions/dev/E1_DEV_SCAN_03/controller/E1_DEV_SCAN_03.log,387509193f97fc8104d20c8b9a42294de2e2b5999bd4b8f9078dd8009aa0b86d,1580,2026-09-18T06:59:22+00:00,
E1_DEV_SCAN_03,host_log,e1/sessions/dev/E1_DEV_SCAN_03/hostlogs/listening_services_before.txt,f74b5f37164b0dcf13c12a29e9beaf34179dc4658b4b37ddf5c95a04c1d9c4bb,1748,2026-09-18T06:59:01+00:00,
E1_DEV_SCAN_03,hardware,e1/sessions/dev/E1_DEV_SCAN_03/sysstats/vmstat.log,5e590a69180598bbe9d70cb91129506dff85ccb6abc84bf18ea57c3c10d9b280,1887,2026-09-18T06:59:21+00:00,
E1_DEV_SCAN_03,scan_connection_log,e1/sessions/dev/E1_DEV_SCAN_03/scan_connection_log.csv,53f77bbd337232a5127f4854666acc81f2f1406f6fc2d3b84d55add4b9496afe,169480,2026-09-18T11:32:43+00:00,
E1_DEV_BRUTE_01,pcap,e1/sessions/dev/E1_DEV_BRUTE_01/capture.pcap,6d4b4837cdbc138bfb3d4ab4698e2a2a450a531788f9ef7f3493af946b09b462,128997,2026-09-18T08:23:49+00:00,
E1_DEV_BRUTE_01,eve,e1/sessions/dev/E1_DEV_BRUTE_01/eve.json,35ebcada89e381d5209e3c41df100a6f9ba878260ead6f485967d1aea3fdf564,404336,2026-09-18T08:26:30+00:00,
E1_DEV_BRUTE_01,flow,e1/sessions/dev/E1_DEV_BRUTE_01/flows.csv,5bbdc01d7a8cc37b3eb54c8ed6ad91848b1876d9b033c2975f287ffd066fbe6c,6009,2026-09-18T08:27:56+00:00,
E1_DEV_BRUTE_01,controller,e1/sessions/dev/E1_DEV_BRUTE_01/controller_log.txt,7641077974cd12bc1be104b64d9d9508d93a6e33a19162c61a5fda2b2a4ecf82,2527,2026-09-18T08:24:48+00:00,
E1_DEV_BRUTE_01,host_log,e1/sessions/dev/E1_DEV_BRUTE_01/host_evidence.txt,f4047fbb9e3b5759d29436d9fdd4b849b5fee0e71e14f1bc90298b8ae899944b,2240,2026-09-18T08:22:58+00:00,
E1_DEV_BRUTE_01,hardware,e1/sessions/dev/E1_DEV_BRUTE_01/vmstat.log,b326d60e9f3d296d871addaa48eba9216e5947b3e2dafd85d15852feb3c848b3,31290,2026-09-18T08:23:51+00:00,
E1_DEV_BRUTE_02,pcap,e1/sessions/dev/E1_DEV_BRUTE_02/capture.pcap,80c3531911fd50f3c170ef69bdb470c2a40a719dbd1e430635a3b947e81a8528,66175,2026-09-18T08:37:13+00:00,
E1_DEV_BRUTE_02,eve,e1/sessions/dev/E1_DEV_BRUTE_02/eve.json,94bb6d5a215877dfda573ae4e2a461f14cbfb8cca90fc298260e5128d304f113,220273,2026-09-18T08:38:56+00:00,
E1_DEV_BRUTE_02,flow,e1/sessions/dev/E1_DEV_BRUTE_02/flows.csv,9e20748cd41f96d8bd864e668c9ebf4094cc39976631b7377ccb1b2ae1c0e996,3152,2026-09-18T08:39:37+00:00,
E1_DEV_BRUTE_02,controller,e1/sessions/dev/E1_DEV_BRUTE_02/controller_log.txt,16f57ff4f94333f54f4b7172a85e0f12044f658a3446d37184bba7f88d236ef0,2527,2026-09-18T08:38:12+00:00,
E1_DEV_BRUTE_02,host_log,e1/sessions/dev/E1_DEV_BRUTE_02/host_evidence.txt,61b540b79c20d9da1d19f564a5ba2581cd58fb0914c91fcbc6151266aaefd761,2240,2026-09-18T08:36:11+00:00,
E1_DEV_BRUTE_02,hardware,e1/sessions/dev/E1_DEV_BRUTE_02/vmstat.log,698ac5c87b3f53f74249a3ec67db652fcfae5e3c7dd7d0f4d17b94748b2405ac,3522,2026-09-18T08:37:10+00:00,
E1_DEV_BRUTE_03,pcap,e1/sessions/dev/E1_DEV_BRUTE_03/capture.pcap,5ba4ae3b0d252e2cd1e1d71f23b39de679a28c9822359fff1f45df441d830717,57703,2026-09-18T08:44:39+00:00,
E1_DEV_BRUTE_03,eve,e1/sessions/dev/E1_DEV_BRUTE_03/eve.json,7a9c84bdf96a95be3905afac61e3496e1ef3322b6d2526f0dbe84148aeaee175,206979,2026-09-18T08:45:46+00:00,
E1_DEV_BRUTE_03,flow,e1/sessions/dev/E1_DEV_BRUTE_03/flows.csv,2ed54d08004e5c86ae0fcbbd8535726c1914d2b85c63b6ce517d1f70313d30d0,2837,2026-09-18T08:45:47+00:00,
E1_DEV_BRUTE_03,controller,e1/sessions/dev/E1_DEV_BRUTE_03/controller_log.txt,f30bc8450d60677098cdfbe70d767402614f4b6c934c2efd8ba8a7824cd428c8,2527,2026-09-18T08:45:27+00:00,
E1_DEV_BRUTE_03,host_log,e1/sessions/dev/E1_DEV_BRUTE_03/host_evidence.txt,4a662aa6ee6542e1342c7449212df44aca7b79301d14a2d325eaaf1f20686fbf,2240,2026-09-18T08:44:16+00:00,
E1_DEV_BRUTE_03,hardware,e1/sessions/dev/E1_DEV_BRUTE_03/vmstat.log,991bf73f5a6fd454bf411e8912108ebc9fa986f821e1006d212e29ac108553a3,1638,2026-09-18T08:44:37+00:00,
E1_DEV_DOS_01,pcap,e1/sessions/dev/E1_DEV_DOS_01/capture.pcap,e8c3a24119ca7aef29335f3eedd42a0f11a0c8740df6608d6b8beaff6b4bfc2f,201530434,2026-09-18T08:56:53+00:00,
E1_DEV_DOS_01,eve,e1/sessions/dev/E1_DEV_DOS_01/eve.json,47c47eb608181ccadb66be214ed8fc020fc41941565e72dcb453d57006970620,1155288510,2026-09-18T08:58:54+00:00,
E1_DEV_DOS_01,flow,e1/sessions/dev/E1_DEV_DOS_01/flows.csv,43e061e522ed4360a0810b10d40c4d2130319009166c4926a8dcde5241c358bb,17476495,2026-09-18T09:00:24+00:00,
E1_DEV_DOS_01,controller,e1/sessions/dev/E1_DEV_DOS_01/controller_log.txt,68e3e7b4b6f2ca36b3b8ead0ef4b57c65792d10e18ea1d9baf9d3deedbeef1c9,407,2026-09-18T08:57:22+00:00,
E1_DEV_DOS_01,host_log,e1/sessions/dev/E1_DEV_DOS_01/host_evidence.txt,71db932e965dc3689be342495fd77376db91273d6b6a7a476ce1a00a38dd27f5,213,2026-09-18T08:56:11+00:00,
E1_DEV_DOS_01,hardware,e1/sessions/dev/E1_DEV_DOS_01/vmstat.log,a190596ba71b3274b0d543b8b1922ce7e17e7756d058bc3f0ac901355817e408,7471,2026-09-18T08:56:51+00:00,
E1_DEV_DOS_02,pcap,e1/sessions/dev/E1_DEV_DOS_02/capture.pcap,182457ffe82db483c40c9b6766b5dac203a78fb90b96b5fcf6e9654e4042409e,176717728,2026-09-18T09:05:34+00:00,
E1_DEV_DOS_02,eve,e1/sessions/dev/E1_DEV_DOS_02/eve.json,154764a5294cecb4e3ae9fbeecb9c6ec2e1e10268fd27a3d83f3ddbebd4b33e0,1013079441,2026-09-18T09:06:38+00:00,
E1_DEV_DOS_02,flow,e1/sessions/dev/E1_DEV_DOS_02/flows.csv,ebe051c8b82bb3235ce5429340b390ab3ba5b8dfdbc41099ed489822dc8c8dc4,17475531,2026-09-18T09:06:57+00:00,
E1_DEV_DOS_02,controller,e1/sessions/dev/E1_DEV_DOS_02/controller_log.txt,567ce54925b29b28a71495dd707ca893883c233376951d1968183ed82e4d107a,407,2026-09-18T09:05:36+00:00,
E1_DEV_DOS_02,host_log,e1/sessions/dev/E1_DEV_DOS_02/host_evidence.txt,71db932e965dc3689be342495fd77376db91273d6b6a7a476ce1a00a38dd27f5,213,2026-09-18T09:05:34+00:00,
E1_DEV_DOS_02,hardware,e1/sessions/dev/E1_DEV_DOS_02/vmstat.log,3257cc6ed89ecf2062dc914ea725401e3b826b511addebc138db3d95a2b419ff,922,2026-09-18T09:05:34+00:00,
E1_DEV_DOS_03,pcap,e1/sessions/dev/E1_DEV_DOS_03/capture.pcap,7cbd66104be223d615d3bc56da9038a8b64f4cc8c967853f98cc71088bfdce63,193671040,2026-09-18T09:12:26+00:00,
E1_DEV_DOS_03,eve,e1/sessions/dev/E1_DEV_DOS_03/eve.json,218b742f21882f3241bf7a49b43ecda240a53bb653daff07737e7cd8465e9fae,1110088095,2026-09-18T09:13:33+00:00,
E1_DEV_DOS_03,flow,e1/sessions/dev/E1_DEV_DOS_03/flows.csv,3d512950bca7e2a3d5aa5fb96320ea0d51108c6ae0ab68bf6ea7cb16cc5dff6b,17476176,2026-09-18T09:13:53+00:00,
E1_DEV_DOS_03,controller,e1/sessions/dev/E1_DEV_DOS_03/controller_log.txt,8fc7a954886dca9c80e0e321b700772c1deac22ae061d14ccc78c27e1242244b,407,2026-09-18T09:12:28+00:00,
E1_DEV_DOS_03,host_log,e1/sessions/dev/E1_DEV_DOS_03/host_evidence.txt,71db932e965dc3689be342495fd77376db91273d6b6a7a476ce1a00a38dd27f5,213,2026-09-18T09:12:26+00:00,
E1_DEV_DOS_03,hardware,e1/sessions/dev/E1_DEV_DOS_03/vmstat.log,841991faa47589aba1f582ffddcd668cdb7bf90011450b43928fa62fe1649f08,2494,2026-09-18T09:12:24+00:00,
E1_DEV_EXPLOIT_01,pcap,e1/sessions/dev/E1_DEV_EXPLOIT_01/capture.pcap,b99825c99c1bcdcf9f870ff8ca31318c3ba8ea05a132e123c8c1bde36da77f07,9404,2026-09-18T09:19:15+00:00,
E1_DEV_EXPLOIT_01,eve,e1/sessions/dev/E1_DEV_EXPLOIT_01/eve.json,5b6221680f67b287e1da44b3975429bb58317acba465b3decd9046bb8115ec81,29219,2026-09-18T09:19:36+00:00,
E1_DEV_EXPLOIT_01,flow,e1/sessions/dev/E1_DEV_EXPLOIT_01/flows.csv,152222329fb36af182d066392a3139ef20d792ec60c024d7cc0f82085e6be414,916,2026-09-18T09:19:37+00:00,
E1_DEV_EXPLOIT_01,controller,e1/sessions/dev/E1_DEV_EXPLOIT_01/controller_log.txt,f9a47bb99ebb7d9f4ad3ebd6fe24d05c8039ddbfbe647de3bf4fa93a1a47d66b,1091,2026-09-18T09:19:17+00:00,
E1_DEV_EXPLOIT_01,host_log,e1/sessions/dev/E1_DEV_EXPLOIT_01/host_evidence.txt,e3b0c44298fc1c149afbf4c8996fb92427ae41e4649b934ca495991b7852b855,0,2026-09-18T09:19:15+00:00,excluded_session_aborted
E1_DEV_EXPLOIT_01,hardware,e1/sessions/dev/E1_DEV_EXPLOIT_01/vmstat.log,654ed6dba196421a38e36d3dd8589b3c132d09d5415418c588ba2a6240d177d2,826,2026-09-18T09:19:15+00:00,
E1_DEV_EXPLOIT_01b,pcap,e1/sessions/dev/E1_DEV_EXPLOIT_01b/capture.pcap,657caa06a3a6d5969f96ac99439f90f6673edbc2ea7e9bce2a8928da8da1a05d,3015646,2026-09-18T09:31:09+00:00,
E1_DEV_EXPLOIT_01b,eve,e1/sessions/dev/E1_DEV_EXPLOIT_01b/eve.json,52f0224c2e39625a25961c4585e92fba75b90d5dfb8012ade451be7de2bb99ef,17247923,2026-09-18T09:31:33+00:00,
E1_DEV_EXPLOIT_01b,flow,e1/sessions/dev/E1_DEV_EXPLOIT_01b/flows.csv,4286fb02fd4d50bbf47a02f0066f7903a2a41f08f6d41b3c9731753ffcd23ec3,770161,2026-09-18T09:31:35+00:00,
E1_DEV_EXPLOIT_01b,controller,e1/sessions/dev/E1_DEV_EXPLOIT_01b/controller_log.txt,acc659216535f98baf688882409e63b98cf0af945c115152b39fb7156c015c87,5091,2026-09-18T09:31:12+00:00,
E1_DEV_EXPLOIT_01b,host_log,e1/sessions/dev/E1_DEV_EXPLOIT_01b/host_evidence.txt,1314d24e35c67377756dc277dd56c9a1a4b4dbbb1b808ef7f069549bc013fd41,146,2026-09-18T09:31:09+00:00,
E1_DEV_EXPLOIT_01b,hardware,e1/sessions/dev/E1_DEV_EXPLOIT_01b/vmstat.log,c387bd6758cf99c3aeeb9be9b02692ca5862191a4c179bffd838aaad092725c1,9442,2026-09-18T09:31:09+00:00,
E1_DEV_EXPLOIT_02,pcap,e1/sessions/dev/E1_DEV_EXPLOIT_02/capture.pcap,ea50ce0d8a7c0bc7c22da68e6fffa080156ff6eca903b3fdda95da0a55abd670,2461321,2026-09-18T09:32:57+00:00,
E1_DEV_EXPLOIT_02,eve,e1/sessions/dev/E1_DEV_EXPLOIT_02/eve.json,0ceb1f8e2fdb6cda55907ebdc2849cfd24a3665026f76d0d69aca877c2c93ec1,15174236,2026-09-18T09:33:18+00:00,
E1_DEV_EXPLOIT_02,flow,e1/sessions/dev/E1_DEV_EXPLOIT_02/flows.csv,ffb42a5dbc327b06389c5d22e04cd10c33a816828cdada0ce8f81c4e4942c8df,680672,2026-09-18T09:33:19+00:00,
E1_DEV_EXPLOIT_02,controller,e1/sessions/dev/E1_DEV_EXPLOIT_02/controller_log.txt,9fc4b746b7efbe1520149cfa39eea85df1dff2744ac5911081d123a25024b3be,563,2026-09-18T09:32:59+00:00,
E1_DEV_EXPLOIT_02,host_log,e1/sessions/dev/E1_DEV_EXPLOIT_02/host_evidence.txt,1314d24e35c67377756dc277dd56c9a1a4b4dbbb1b808ef7f069549bc013fd41,146,2026-09-18T09:32:57+00:00,
E1_DEV_EXPLOIT_02,hardware,e1/sessions/dev/E1_DEV_EXPLOIT_02/vmstat.log,95b2884041676b679ffb5aeb10dab36143f38f5a9d4fd94e6f2836e556fa8eb6,494,2026-09-18T09:32:56+00:00,
E1_DEV_EXPLOIT_03,pcap,e1/sessions/dev/E1_DEV_EXPLOIT_03/capture.pcap,ee5b3c2ae3caacf0e51b7feb97b206629d79cf20cc0c6f631e07857437b7a8d1,6254,2026-09-18T09:34:21+00:00,
E1_DEV_EXPLOIT_03,eve,e1/sessions/dev/E1_DEV_EXPLOIT_03/eve.json,ecda99cab0a60b1ac3e304227ed02a0d99c12054de52640e7bf1baed0591a649,24673,2026-09-18T09:34:43+00:00,
E1_DEV_EXPLOIT_03,flow,e1/sessions/dev/E1_DEV_EXPLOIT_03/flows.csv,93def0461a2fe3269174ea70b28af1c81f643f8fb422f4188d930ee4034547cd,916,2026-09-18T09:34:44+00:00,
E1_DEV_EXPLOIT_03,controller,e1/sessions/dev/E1_DEV_EXPLOIT_03/controller_log.txt,d489f69bcc7222987913074733eaad920bb433c6eea488d6f9003ed2476cc479,479,2026-09-18T09:34:23+00:00,
E1_DEV_EXPLOIT_03,host_log,e1/sessions/dev/E1_DEV_EXPLOIT_03/host_evidence.txt,1314d24e35c67377756dc277dd56c9a1a4b4dbbb1b808ef7f069549bc013fd41,146,2026-09-18T09:34:21+00:00,
E1_DEV_EXPLOIT_03,hardware,e1/sessions/dev/E1_DEV_EXPLOIT_03/vmstat.log,41a8f7c1622eca6f89546edba45510d12bbb98e8a48425106dd4eb1abe3f2460,328,2026-09-18T09:34:22+00:00,
E1_DEV_EXPLOIT_03b,pcap,e1/sessions/dev/E1_DEV_EXPLOIT_03b/capture.pcap,81b6411e2b7baab202f88f352db87c2e69e81f78a3438684294f0ae5a53ece6b,37653202,2026-09-18T09:43:08+00:00,
E1_DEV_EXPLOIT_03b,eve,e1/sessions/dev/E1_DEV_EXPLOIT_03b/eve.json,22c358ab3a23f01060e2316bb052fb29bd6a56b26c86d1cbc238944ad045b909,28130031,2026-09-18T09:43:32+00:00,
E1_DEV_EXPLOIT_03b,flow,e1/sessions/dev/E1_DEV_EXPLOIT_03b/flows.csv,2803610fbb08942a5b104197edbc5dde400ade2427924cdd04ad9786c1c2e2e7,7630,2026-09-18T09:43:34+00:00,
E1_DEV_EXPLOIT_03b,controller,e1/sessions/dev/E1_DEV_EXPLOIT_03b/controller_log.txt,5619f7430d4c29465355f2e98bbcbeecbd5224421e1b400928261bdce31ff212,35943,2026-09-18T09:43:10+00:00,
E1_DEV_EXPLOIT_03b,host_log,e1/sessions/dev/E1_DEV_EXPLOIT_03b/host_evidence.txt,1314d24e35c67377756dc277dd56c9a1a4b4dbbb1b808ef7f069549bc013fd41,146,2026-09-18T09:43:08+00:00,
E1_DEV_EXPLOIT_03b,hardware,e1/sessions/dev/E1_DEV_EXPLOIT_03b/vmstat.log,c7b42d6fd7664b106e9877d83fb66a44ae40670ea6e7a608a62603eac6ed4519,4553,2026-09-18T09:43:08+00:00,
E1_TEST_NORMAL_01,pcap,e1/sessions/test/E1_TEST_NORMAL_01/capture.pcap,6a13ec964f6bdd3a8041501954ececed0ed91cfe850a752e97889071c3e72d5a,40572,2026-09-18T09:56:53+00:00,
E1_TEST_NORMAL_01,eve,e1/sessions/test/E1_TEST_NORMAL_01/eve.json,1610fb9546d2bf63d7ecd2bdf7a2236812b2caa51bdd5d1d35d39e43171b292d,245765,2026-09-18T09:57:14+00:00,
E1_TEST_NORMAL_01,flow,e1/sessions/test/E1_TEST_NORMAL_01/flows.csv,7dde1be8f09a5867e4a2a7333961e9013a7288b0ce609072a59b955c8f0c99f6,8710,2026-09-18T09:57:15+00:00,
E1_TEST_NORMAL_01,controller,e1/sessions/test/E1_TEST_NORMAL_01/controller_log.txt,bb6c660284fbd2aef12fa47a02c48829d6c00854c8e8a113602669a50720653c,902,2026-09-18T09:56:55+00:00,
E1_TEST_NORMAL_01,host_log,e1/sessions/test/E1_TEST_NORMAL_01/host_evidence.txt,64984b74c630b0ae44a1107e3f866c75c634f7161d9ecc75fe36a52934a1bab8,46,2026-09-18T09:57:15+00:00,
E1_TEST_NORMAL_01,hardware,e1/sessions/test/E1_TEST_NORMAL_01/vmstat.log,444d5da42a0c64b602049ba0150600bf130a6d9626c96cd5bdebfec3704dffb5,826,2026-09-18T09:56:54+00:00,
E1_TEST_NORMAL_02,pcap,e1/sessions/test/E1_TEST_NORMAL_02/capture.pcap,efba30993efe013aa2219282c95e931bbdac225f83961d2d63844ca0efeb3bcd,40572,2026-09-18T09:58:53+00:00,
E1_TEST_NORMAL_02,eve,e1/sessions/test/E1_TEST_NORMAL_02/eve.json,bef738e25e1b98b9bb4cb2e963fe42129501c0488a2b6a45c36f77e85a42cabe,244590,2026-09-18T09:59:16+00:00,
E1_TEST_NORMAL_02,flow,e1/sessions/test/E1_TEST_NORMAL_02/flows.csv,c6986fd6295713fc3e7ebebf8a9c246311728d66a3c0b0ee35e0629adebba52c,8710,2026-09-18T09:59:17+00:00,
E1_TEST_NORMAL_02,controller,e1/sessions/test/E1_TEST_NORMAL_02/controller_log.txt,23fe61dd53ce40e312243d4ba5810432728b4492c6c7eabdca097248c5d4e9fa,902,2026-09-18T09:58:56+00:00,
E1_TEST_NORMAL_02,hardware,e1/sessions/test/E1_TEST_NORMAL_02/vmstat.log,475eaccada8b4e8fef699b48f451732f1c42d07a022c1a37fc8424ce29370d08,826,2026-09-18T09:58:55+00:00,
E1_TEST_NORMAL_03,pcap,e1/sessions/test/E1_TEST_NORMAL_03/capture.pcap,61bba1b3046c6beb6b757e1ba3e5738e87d35ef3d22548daa63e480d7c0f20df,40918,2026-09-18T10:17:05+00:00,
E1_TEST_NORMAL_03,eve,e1/sessions/test/E1_TEST_NORMAL_03/eve.json,7864d070d2498e9731a2b3f3292222de73367c0bbd44813523314d33e445376c,247138,2026-09-18T10:17:26+00:00,
E1_TEST_NORMAL_03,flow,e1/sessions/test/E1_TEST_NORMAL_03/flows.csv,f5208459a00bd55d12fcde75bf75a545778f537b207ecf0153848d7f13a6a29a,8710,2026-09-18T10:17:26+00:00,
E1_TEST_NORMAL_03,controller,e1/sessions/test/E1_TEST_NORMAL_03/controller_log.txt,091f5e7dcebc617eace0e4c56d0b6832663882684f8d800190d5f0b688dbac0a,902,2026-09-18T10:17:07+00:00,
E1_TEST_NORMAL_03,hardware,e1/sessions/test/E1_TEST_NORMAL_03/vmstat.log,9286e07d293c002f36681abb3a28804328810a28d60b339ae56e2833534db2ad,826,2026-09-18T10:17:06+00:00,
E1_TEST_SCAN_01,pcap,e1/sessions/test/E1_TEST_SCAN_01/capture.pcap,6c8ae0b2c88c863232b1829d2a0b70d48030a75c34d40bec6cc4f620931b879e,145116,2026-09-18T10:18:54+00:00,
E1_TEST_SCAN_01,eve,e1/sessions/test/E1_TEST_SCAN_01/eve.json,875fa1c591249100eb2751eab1fc6765846ee4b7ea90da42ebee19a2a1455d41,1185063,2026-09-18T10:19:14+00:00,
E1_TEST_SCAN_01,flow,e1/sessions/test/E1_TEST_SCAN_01/flows.csv,dfd99b6dfa37226011a22a4dd7caff27ee22005e94045ccc6bf9a76edec00dda,206366,2026-09-18T10:19:15+00:00,
E1_TEST_SCAN_01,controller,e1/sessions/test/E1_TEST_SCAN_01/controller_log.txt,56d8e743c5368324854808c299c5e418f3fccd0c17a6fe5840f5dd076fa243a9,517,2026-09-18T10:18:56+00:00,
E1_TEST_SCAN_01,host_log,e1/sessions/test/E1_TEST_SCAN_01/host_evidence.txt,427a2dadead06ac13d9994010333cb124fdb1c36898b28528d762471c4e16e7d,770,2026-09-18T10:18:54+00:00,
E1_TEST_SCAN_01,hardware,e1/sessions/test/E1_TEST_SCAN_01/vmstat.log,f463302a6b451c948ab1998e25dc9ec5ba572c40d05d499daff1fdd646b485a1,328,2026-09-18T10:18:55+00:00,
E1_TEST_SCAN_01,scan_connection_log,e1/sessions/test/E1_TEST_SCAN_01/scan_connection_log.csv,6b91995e69a983fa6ed7391596be8e8b524354c13de1be956cc06172fb4f80a0,134494,2026-09-18T11:32:43+00:00,
E1_TEST_SCAN_02,pcap,e1/sessions/test/E1_TEST_SCAN_02/capture.pcap,597367a892f0e19082da076295506b396b5dc0e1d455304e365f7aacb481d2ad,143976,2026-09-18T10:21:00+00:00,
E1_TEST_SCAN_02,eve,e1/sessions/test/E1_TEST_SCAN_02/eve.json,4762ae02111205cf51d2ff70f0ef231f2d91c1a68fadd63183b549b0bcec4c4d,1174059,2026-09-18T10:21:20+00:00,
E1_TEST_SCAN_02,flow,e1/sessions/test/E1_TEST_SCAN_02/flows.csv,c6ed19b01e81d20ecf8ca01678e2bff3dcff5382d436dfb47cdb0c9ba775939c,204441,2026-09-18T10:21:21+00:00,
E1_TEST_SCAN_02,controller,e1/sessions/test/E1_TEST_SCAN_02/controller_log.txt,02c74a5662f7b6611b566693f2f9c6acd2a0e5c633c4414cb7792e4d5d41ebfb,517,2026-09-18T10:21:02+00:00,
E1_TEST_SCAN_02,host_log,e1/sessions/test/E1_TEST_SCAN_02/host_evidence.txt,427a2dadead06ac13d9994010333cb124fdb1c36898b28528d762471c4e16e7d,770,2026-09-18T10:21:00+00:00,
E1_TEST_SCAN_02,hardware,e1/sessions/test/E1_TEST_SCAN_02/vmstat.log,0ee6fc42908f8f6351c0dd7b06d1ce48df923a4aa24d44e958016c0c4ecc2942,328,2026-09-18T10:21:01+00:00,
E1_TEST_SCAN_02,scan_connection_log,e1/sessions/test/E1_TEST_SCAN_02/scan_connection_log.csv,33d2ac22527e58c5e556208c8c2b705bd1ca9fa715b529436b0a7372a63cb609,133366,2026-09-18T11:32:43+00:00,
E1_TEST_SCAN_03,pcap,e1/sessions/test/E1_TEST_SCAN_03/capture.pcap,8a3a928509b9e8ff3707426c16d8a577023bd29ab38c733b66ec8fcf898a45e0,147606,2026-09-18T10:24:37+00:00,
E1_TEST_SCAN_03,eve,e1/sessions/test/E1_TEST_SCAN_03/eve.json,9708027669930edb820acbdc9228c55592a9118620326bf70797a1344b890621,1207770,2026-09-18T10:24:58+00:00,
E1_TEST_SCAN_03,flow,e1/sessions/test/E1_TEST_SCAN_03/flows.csv,76c3f591e4ea8401a0b0a2ece18b4be4e9b4465bba307d5426501992f1cad895,210287,2026-09-18T10:24:59+00:00,
E1_TEST_SCAN_03,controller,e1/sessions/test/E1_TEST_SCAN_03/controller_log.txt,fc356d9565635490a86d0ff55eb2f53e823bc64ff07573cfc368a738fb3c77af,516,2026-09-18T10:24:40+00:00,
E1_TEST_SCAN_03,host_log,e1/sessions/test/E1_TEST_SCAN_03/host_evidence.txt,427a2dadead06ac13d9994010333cb124fdb1c36898b28528d762471c4e16e7d,770,2026-09-18T10:24:37+00:00,
E1_TEST_SCAN_03,hardware,e1/sessions/test/E1_TEST_SCAN_03/vmstat.log,5e390633fc674f2d75ef8d2832168851f13ca48ddc39956c92baaf9e618e2a66,328,2026-09-18T10:24:38+00:00,
E1_TEST_SCAN_03,scan_connection_log,e1/sessions/test/E1_TEST_SCAN_03/scan_connection_log.csv,e2340132ec5f13b862ed65b16fccfba070c4f16e8586cd7e13e9481218108d41,136978,2026-09-18T11:32:43+00:00,
E1_TEST_BRUTE_01,pcap,e1/sessions/test/E1_TEST_BRUTE_01/capture.pcap,67b0413c521a0329f41754eea3b6792ba4df179e6656b3999826887203f82b29,43373,2026-09-18T10:27:20+00:00,
E1_TEST_BRUTE_01,eve,e1/sessions/test/E1_TEST_BRUTE_01/eve.json,45c7c7c02af1353746002670a304cb4330a0eecda3e3d1b1a43844ddba3b99c2,148266,2026-09-18T10:27:40+00:00,
E1_TEST_BRUTE_01,flow,e1/sessions/test/E1_TEST_BRUTE_01/flows.csv,eb50afdb50c0a8322c4fb46ec5f7232ecef111ae4699470cc09ba8f569943103,2519,2026-09-18T10:27:41+00:00,
E1_TEST_BRUTE_01,controller,e1/sessions/test/E1_TEST_BRUTE_01/controller_log.txt,c781281965d3ace27b0d3f7cd7740c4c606172996255fc0d3963a8867796633d,2584,2026-09-18T10:27:22+00:00,
E1_TEST_BRUTE_01,host_log,e1/sessions/test/E1_TEST_BRUTE_01/host_evidence.txt,cf2a0eb55644948bbf704366245bc2f8ce71d3b7172e722d84c9a40ea32e58c1,2240,2026-09-18T12:18:25+00:00,
E1_TEST_BRUTE_01,hardware,e1/sessions/test/E1_TEST_BRUTE_01/vmstat.log,e184bd9ba44a077d80d4562d36548bf60f5d289078757b013a0d5f76bccbb101,494,2026-09-18T10:27:18+00:00,
E1_TEST_BRUTE_02,pcap,e1/sessions/test/E1_TEST_BRUTE_02/capture.pcap,490609223cc54ef6ac35c690959dd42ad563915fcf2447c778d4b3d2864c422d,44235,2026-09-18T10:29:03+00:00,
E1_TEST_BRUTE_02,eve,e1/sessions/test/E1_TEST_BRUTE_02/eve.json,a9ada4356895a16ed1d2a01bcf93de5dfb9f55ed8681e4d116eed96a74fdd8b7,154152,2026-09-18T10:29:22+00:00,
E1_TEST_BRUTE_02,flow,e1/sessions/test/E1_TEST_BRUTE_02/flows.csv,12fbf7697c14df56cfe05dad096d114866c578dedd64c6ee316aac729771f542,2522,2026-09-18T10:29:23+00:00,
E1_TEST_BRUTE_02,controller,e1/sessions/test/E1_TEST_BRUTE_02/controller_log.txt,6c5a9582568e45b32477339e8308ba0941d584057577f2ada8082188d9f98785,2584,2026-09-18T10:29:05+00:00,
E1_TEST_BRUTE_02,host_log,e1/sessions/test/E1_TEST_BRUTE_02/host_evidence.txt,3d569350de7112b9886fc88c79ecc8b440f63f1c5b6f63099cba8906684c73f8,2240,2026-09-18T12:18:25+00:00,
E1_TEST_BRUTE_02,hardware,e1/sessions/test/E1_TEST_BRUTE_02/vmstat.log,52b676c6058c0b056bf293b0a565e3dbece1ad0dbbc63ebd247c6f878655a6b1,494,2026-09-18T10:29:01+00:00,
E1_TEST_BRUTE_03,pcap,e1/sessions/test/E1_TEST_BRUTE_03/capture.pcap,55f82e38fb3df0888bbf34d60b21b097de4525a731c7a2a6dae4ee2878964916,44035,2026-09-18T10:30:37+00:00,
E1_TEST_BRUTE_03,eve,e1/sessions/test/E1_TEST_BRUTE_03/eve.json,f569ee4beca1d1e66bf99a5395bb53ccbe9924d3aaf2568b573a643ccbc5e58a,152709,2026-09-18T10:30:59+00:00,
E1_TEST_BRUTE_03,flow,e1/sessions/test/E1_TEST_BRUTE_03/flows.csv,0092c789147248a005268e31546cee065601849d8bbce3df96249f0866e42ee8,2522,2026-09-18T10:31:00+00:00,
E1_TEST_BRUTE_03,controller,e1/sessions/test/E1_TEST_BRUTE_03/controller_log.txt,05550e845fe4fa22e9d5e5d87b175056b496dde11a9bdeaead9c9dff69bf016a,2584,2026-09-18T10:30:40+00:00,
E1_TEST_BRUTE_03,host_log,e1/sessions/test/E1_TEST_BRUTE_03/host_evidence.txt,843dc793c96b3dcaa993493c49d17878a9da6c9751df22e31e57471456e0bcf1,2240,2026-09-18T12:18:25+00:00,
E1_TEST_BRUTE_03,hardware,e1/sessions/test/E1_TEST_BRUTE_03/vmstat.log,8cb39316a5f424d65c5ff2900fb77f87fdc3d4432ecc609a207f71e1ecc73f2f,494,2026-09-18T10:30:36+00:00,
E1_TEST_DOS_01,pcap,e1/sessions/test/E1_TEST_DOS_01/capture.pcap,6dc4763f70eb14effa955166225210e1103a4aba1842612c43180e85ce1a728f,186138740,2026-09-18T10:32:23+00:00,
E1_TEST_DOS_01,eve,e1/sessions/test/E1_TEST_DOS_01/eve.json,8329a709202e4ef4c8fc11ee028f601c5774195c7cdfea0ae9fec1591eb8f3eb,1066930753,2026-09-18T10:33:23+00:00,
E1_TEST_DOS_01,flow,e1/sessions/test/E1_TEST_DOS_01/flows.csv,14a49a18896279809f0b0845672951e83f20516c6e9309d3a736cc3d6d4468bd,17473498,2026-09-18T10:33:41+00:00,
E1_TEST_DOS_01,controller,e1/sessions/test/E1_TEST_DOS_01/controller_log.txt,b78a0d0638fe920773933be28899d22aa6df957a1f941c090b1205f70a4e349a,407,2026-09-18T10:32:25+00:00,
E1_TEST_DOS_01,host_log,e1/sessions/test/E1_TEST_DOS_01/host_evidence.txt,71db932e965dc3689be342495fd77376db91273d6b6a7a476ce1a00a38dd27f5,213,2026-09-18T10:32:23+00:00,
E1_TEST_DOS_01,hardware,e1/sessions/test/E1_TEST_DOS_01/vmstat.log,a78adfcc8a94589b51bcf77524e28391557e1af67acc8e245746222e2c0c0da9,838,2026-09-18T10:32:24+00:00,
E1_TEST_DOS_02,pcap,e1/sessions/test/E1_TEST_DOS_02/capture.pcap,791f5a8f909dcaf98eb70456805c07721c731cad53a322b98b9547ab126a9caf,185373242,2026-09-18T10:35:03+00:00,
E1_TEST_DOS_02,eve,e1/sessions/test/E1_TEST_DOS_02/eve.json,75cb4719061f16be9a561b003f89618c22d6c99a11367b46f23cf1517690d495,1062445877,2026-09-18T10:36:03+00:00,
E1_TEST_DOS_02,flow,e1/sessions/test/E1_TEST_DOS_02/flows.csv,f2ecda54e89474b579685775ac6e8234f833fec7f45404328900048d7dc2692b,17475920,2026-09-18T10:36:22+00:00,
E1_TEST_DOS_02,controller,e1/sessions/test/E1_TEST_DOS_02/controller_log.txt,11f8c878f6b8515d8bcba4798601d19dff546c4e2ca35ed179bee26db3d56a05,407,2026-09-18T10:35:05+00:00,
E1_TEST_DOS_02,host_log,e1/sessions/test/E1_TEST_DOS_02/host_evidence.txt,71db932e965dc3689be342495fd77376db91273d6b6a7a476ce1a00a38dd27f5,213,2026-09-18T10:35:03+00:00,
E1_TEST_DOS_02,hardware,e1/sessions/test/E1_TEST_DOS_02/vmstat.log,98941c7eec6c24aa3d4dc2c04e3ce02fe4f1cc73cf119835ce2ea3893ea50c07,840,2026-09-18T10:35:05+00:00,
E1_TEST_DOS_03,pcap,e1/sessions/test/E1_TEST_DOS_03/capture.pcap,1e9546959c91be79ad767b2072ed93ab3b11300a011d9abace98360931e5ec36,182062126,2026-09-18T10:38:02+00:00,
E1_TEST_DOS_03,eve,e1/sessions/test/E1_TEST_DOS_03/eve.json,e235d3cd8caf7c2757297ae18b405edfcc567e7320feb9413ffbfa7124df4ce0,1043741700,2026-09-18T10:39:10+00:00,
E1_TEST_DOS_03,flow,e1/sessions/test/E1_TEST_DOS_03/flows.csv,d1aa55758835532ca2881e0774667b1764b5b88c0f22e7ef2fcfbf7226b42630,17473825,2026-09-18T10:39:29+00:00,
E1_TEST_DOS_03,controller,e1/sessions/test/E1_TEST_DOS_03/controller_log.txt,6c80dcb0ed2ac2bda858a0495bf21497a178a51277ad571b4bb785fe6b65177d,407,2026-09-18T10:38:04+00:00,
E1_TEST_DOS_03,host_log,e1/sessions/test/E1_TEST_DOS_03/host_evidence.txt,71db932e965dc3689be342495fd77376db91273d6b6a7a476ce1a00a38dd27f5,213,2026-09-18T10:38:02+00:00,
E1_TEST_DOS_03,hardware,e1/sessions/test/E1_TEST_DOS_03/vmstat.log,7d515b59b6be9caf4fff8312e66971bbb876910ae75ab6b550693be92368303a,839,2026-09-18T10:38:04+00:00,
E1_TEST_EXPLOIT_01,pcap,e1/sessions/test/E1_TEST_EXPLOIT_01/capture.pcap,f955ce4f1ec89d8584528b1edbedafcb8d9219511076bcb1a1630f4bb42f7ba8,2822499,2026-09-18T10:52:34+00:00,
E1_TEST_EXPLOIT_01,eve,e1/sessions/test/E1_TEST_EXPLOIT_01/eve.json,5dd8892ddb21b2febbacba8efa5ab96e06e80f17739ff1ed0a182e553a61aff0,17152398,2026-09-18T10:52:56+00:00,
E1_TEST_EXPLOIT_01,flow,e1/sessions/test/E1_TEST_EXPLOIT_01/flows.csv,cc279bdb255549a2f4e7aaae8ccc17838c4e5f4d243d50f708a93f032759c5fc,775734,2026-09-18T10:52:58+00:00,
E1_TEST_EXPLOIT_01,controller,e1/sessions/test/E1_TEST_EXPLOIT_01/controller_log.txt,f2f2b5c2dff008d628eb3322daf6558ceae60eb9c668420fbf4edb8ceb724a26,4552,2026-09-18T10:52:36+00:00,
E1_TEST_EXPLOIT_01,host_log,e1/sessions/test/E1_TEST_EXPLOIT_01/host_evidence.txt,e3b0c44298fc1c149afbf4c8996fb92427ae41e4649b934ca495991b7852b855,0,2026-09-18T10:52:34+00:00,no_server_side_logging_for_nmap_nse
E1_TEST_EXPLOIT_01,hardware,e1/sessions/test/E1_TEST_EXPLOIT_01/vmstat.log,490604d8c2ac7c23888591975c6242abc793ffcf32cbfa09f5aa650db21da42e,494,2026-09-18T10:52:32+00:00,
E1_TEST_EXPLOIT_02,pcap,e1/sessions/test/E1_TEST_EXPLOIT_02/capture.pcap,ed36bd8e1f7ab7ccbd2058a3492ad2dd65204d5b7d76668dbfc63fadeb38c9e7,2441790,2026-09-18T10:54:04+00:00,
E1_TEST_EXPLOIT_02,eve,e1/sessions/test/E1_TEST_EXPLOIT_02/eve.json,b0a7b7c68ca8864c00d93f11f6eccfdbe7fc057664cab5e0d7aecf6bf3b9bdd7,15068684,2026-09-18T10:54:23+00:00,
E1_TEST_EXPLOIT_02,flow,e1/sessions/test/E1_TEST_EXPLOIT_02/flows.csv,9c0427e499a2ff46bbb6fbe9c6fbb48c0bdd2cc51fd9ce153c4db298c18a641e,694148,2026-09-18T10:54:25+00:00,
E1_TEST_EXPLOIT_02,controller,e1/sessions/test/E1_TEST_EXPLOIT_02/controller_log.txt,e56885289157935caf8401192587a6d121fc5b86baf5a0db664cf18bb85d6fc5,567,2026-09-18T10:54:06+00:00,
E1_TEST_EXPLOIT_02,host_log,e1/sessions/test/E1_TEST_EXPLOIT_02/host_evidence.txt,e3b0c44298fc1c149afbf4c8996fb92427ae41e4649b934ca495991b7852b855,0,2026-09-18T10:54:04+00:00,no_server_side_logging_for_nmap_nse
E1_TEST_EXPLOIT_02,hardware,e1/sessions/test/E1_TEST_EXPLOIT_02/vmstat.log,909125271e70aa0aee4bc55cda26d843ef5118f5a3afc3f997937a9b03a962c2,494,2026-09-18T10:54:06+00:00,
E1_TEST_EXPLOIT_03,pcap,e1/sessions/test/E1_TEST_EXPLOIT_03/capture.pcap,885340b20f724016da55b4454404a1ac6ff2027b9eb117b390669abe5c23b531,37799253,2026-09-18T11:07:27+00:00,
E1_TEST_EXPLOIT_03,eve,e1/sessions/test/E1_TEST_EXPLOIT_03/eve.json,df5cdb7d976afc8b30978187f319a11fb36c861f40af3c9ef6d459352a3a489d,47851189,2026-09-18T11:07:53+00:00,
E1_TEST_EXPLOIT_03,flow,e1/sessions/test/E1_TEST_EXPLOIT_03/flows.csv,ec307fb832e6fc8dcf7e1d3f74fb8b4bfc2760f72cfc47086cccad3c2fe89ad0,7939,2026-09-18T11:07:54+00:00,
E1_TEST_EXPLOIT_03,controller,e1/sessions/test/E1_TEST_EXPLOIT_03/controller_log.txt,9da3e66d1d52667ec93f567aa0acf14a1dc8739a29e277d882488fd6ccd91878,35944,2026-09-18T11:07:29+00:00,
E1_TEST_EXPLOIT_03,host_log,e1/sessions/test/E1_TEST_EXPLOIT_03/host_evidence.txt,e3b0c44298fc1c149afbf4c8996fb92427ae41e4649b934ca495991b7852b855,0,2026-09-18T11:07:27+00:00,no_server_side_logging_for_nikto
E1_TEST_EXPLOIT_03,hardware,e1/sessions/test/E1_TEST_EXPLOIT_03/vmstat.log,b62540289e4f3fbd6c68cf5e3520b8ba7d18ab84210d62a47b71650985e7d1c9,13580,2026-09-18T11:07:27+00:00,
E1_TEST_NORMAL_02,host_log,e1/sessions/test/E1_TEST_NORMAL_02/host_evidence.txt,edf205109c427bc62b9ce0ec387dc798d56f9169550e0ca31c4ed6902a44f6d3,11368,2026-09-18T12:29:25+00:00,
E1_TEST_NORMAL_03,host_log,e1/sessions/test/E1_TEST_NORMAL_03/host_evidence.txt,0fb0d84be0ea1c966e4584ed0bc73e34e31e73d1b2cc505287254515c7a59440,11368,2026-09-18T12:29:25+00:00,
