rate,stage,metric,n_runs,source,point_ms,ci_lo_ms,ci_hi_ms
0.5x,feature_extraction,P50,5,phase_b_offline,0.027,0.027,0.027
0.5x,feature_extraction,P95,5,phase_b_offline,0.045,0.044,0.046
0.5x,feature_extraction,P99,5,phase_b_offline,0.054,0.054,0.055
0.5x,rf_predict,P50,5,phase_b_offline,21.167,21.164,21.169
0.5x,rf_predict,P95,5,phase_b_offline,21.367,21.365,21.37
0.5x,rf_predict,P99,5,phase_b_offline,21.542,21.529,21.56
0.5x,detector_total,P50,5,phase_b_offline,21.196,21.193,21.2
0.5x,detector_total,P95,5,phase_b_offline,21.398,21.395,21.402
0.5x,detector_total,P99,5,phase_b_offline,21.576,21.568,21.595
0.5x,pa_feature_extraction,P50,5,phase_a_live,0.033,0.032,0.033
0.5x,pa_feature_extraction,P95,5,phase_a_live,0.048,0.048,0.048
0.5x,pa_feature_extraction,P99,5,phase_a_live,0.059,0.057,0.059
0.5x,pa_rf_predict,P50,5,phase_a_live,21.539,21.534,21.544
0.5x,pa_rf_predict,P95,5,phase_a_live,25.713,24.992,31.714
0.5x,pa_rf_predict,P99,5,phase_a_live,33.301,33.107,33.502
0.5x,ds_feature_extraction,P50,5,downstream_live,0.04,0.039,0.041
0.5x,ds_feature_extraction,P95,5,downstream_live,0.067,0.064,0.074
0.5x,ds_feature_extraction,P99,5,downstream_live,0.107,0.095,0.107
0.5x,ds_rf_predict,P50,5,downstream_live,21.853,21.723,21.996
0.5x,ds_rf_predict,P95,5,downstream_live,32.54,32.334,32.75
0.5x,ds_rf_predict,P99,5,downstream_live,34.817,34.211,35.05
0.5x,ds_nids_normalization,P50,5,downstream_live,0.017,0.016,0.018
0.5x,ds_nids_normalization,P95,5,downstream_live,0.024,0.023,0.024
0.5x,ds_nids_normalization,P99,5,downstream_live,0.029,0.026,0.03
0.5x,ds_es_indexing,P50,5,downstream_live,4.267,3.97,4.624
0.5x,ds_es_indexing,P95,5,downstream_live,53.212,52.915,53.416
0.5x,ds_es_indexing,P99,5,downstream_live,61.638,55.33,63.559
0.5x,ds_es_confirmed_to_queue,P50,5,downstream_live,1107.97,1064.774,1152.64
0.5x,ds_es_confirmed_to_queue,P95,5,downstream_live,1877.007,1809.807,2008.916
0.5x,ds_es_confirmed_to_queue,P99,5,downstream_live,2072.704,1947.848,2159.179
0.5x,ds_response_normalization,P50,5,downstream_live,0.038,0.037,0.039
0.5x,ds_response_normalization,P95,5,downstream_live,0.065,0.064,0.068
0.5x,ds_response_normalization,P99,5,downstream_live,0.09,0.079,0.09
0.5x,ds_policy_eval,P50,5,downstream_live,0.009,0.009,0.009
0.5x,ds_policy_eval,P95,5,downstream_live,0.015,0.015,0.016
0.5x,ds_policy_eval,P99,5,downstream_live,0.02,0.018,0.022
0.5x,ds_llm_wait,P50,5,downstream_live,9130.866,9026.268,9251.634
0.5x,ds_llm_wait,P95,5,downstream_live,15060.773,10737.772,15183.412
0.5x,ds_llm_wait,P99,5,downstream_live,16585.719,16219.753,17230.044
0.5x,ds_audit_completion,P50,5,downstream_live,17882.269,17745.643,18098.803
0.5x,ds_audit_completion,P95,5,downstream_live,24489.613,23869.111,25284.713
0.5x,ds_audit_completion,P99,5,downstream_live,30616.788,27103.966,31764.328
0.5x,ds_e2e_flow_to_audit,P50,5,downstream_live,115761.216,113943.915,116490.549
0.5x,ds_e2e_flow_to_audit,P95,5,downstream_live,280708.049,279582.948,282118.454
0.5x,ds_e2e_flow_to_audit,P99,5,downstream_live,298112.072,297428.244,300085.168
0.5x,ds_detector_output_to_normalize,P50,5,downstream_live,0.001,0.001,0.001
0.5x,ds_detector_output_to_normalize,P95,5,downstream_live,0.001,0.001,0.001
0.5x,ds_detector_output_to_normalize,P99,5,downstream_live,0.001,0.001,0.001
1.0x,feature_extraction,P50,5,phase_b_offline,0.027,0.027,0.027
1.0x,feature_extraction,P95,5,phase_b_offline,0.044,0.044,0.045
1.0x,feature_extraction,P99,5,phase_b_offline,0.054,0.054,0.055
1.0x,rf_predict,P50,5,phase_b_offline,21.165,21.16,21.17
1.0x,rf_predict,P95,5,phase_b_offline,21.363,21.354,21.371
1.0x,rf_predict,P99,5,phase_b_offline,21.535,21.521,21.555
1.0x,detector_total,P50,5,phase_b_offline,21.194,21.189,21.2
1.0x,detector_total,P95,5,phase_b_offline,21.395,21.386,21.404
1.0x,detector_total,P99,5,phase_b_offline,21.576,21.558,21.588
1.0x,pa_feature_extraction,P50,5,phase_a_live,0.033,0.033,0.033
1.0x,pa_feature_extraction,P95,5,phase_a_live,0.048,0.047,0.048
1.0x,pa_feature_extraction,P99,5,phase_a_live,0.057,0.056,0.057
1.0x,pa_rf_predict,P50,5,phase_a_live,21.524,21.522,21.525
1.0x,pa_rf_predict,P95,5,phase_a_live,24.408,23.907,25.368
1.0x,pa_rf_predict,P99,5,phase_a_live,32.837,32.62,33.088
1.0x,ds_feature_extraction,P50,5,downstream_live,0.039,0.039,0.04
1.0x,ds_feature_extraction,P95,5,downstream_live,0.057,0.056,0.058
1.0x,ds_feature_extraction,P99,5,downstream_live,0.116,0.116,0.122
1.0x,ds_rf_predict,P50,5,downstream_live,21.796,21.701,21.879
1.0x,ds_rf_predict,P95,5,downstream_live,32.344,32.001,33.002
1.0x,ds_rf_predict,P99,5,downstream_live,34.99,34.019,35.684
1.0x,ds_nids_normalization,P50,5,downstream_live,0.017,0.016,0.018
1.0x,ds_nids_normalization,P95,5,downstream_live,0.024,0.022,0.026
1.0x,ds_nids_normalization,P99,5,downstream_live,0.028,0.026,0.029
1.0x,ds_es_indexing,P50,5,downstream_live,3.976,3.774,4.376
1.0x,ds_es_indexing,P95,5,downstream_live,52.461,49.672,53.219
1.0x,ds_es_indexing,P99,5,downstream_live,64.427,64.427,66.697
1.0x,ds_es_confirmed_to_queue,P50,5,downstream_live,1128.606,1061.845,1188.477
1.0x,ds_es_confirmed_to_queue,P95,5,downstream_live,1819.311,1759.451,2011.505
1.0x,ds_es_confirmed_to_queue,P99,5,downstream_live,2092.263,1906.167,2116.691
1.0x,ds_response_normalization,P50,5,downstream_live,0.039,0.039,0.039
1.0x,ds_response_normalization,P95,5,downstream_live,0.063,0.06,0.068
1.0x,ds_response_normalization,P99,5,downstream_live,0.096,0.096,0.107
1.0x,ds_policy_eval,P50,5,downstream_live,0.01,0.009,0.01
1.0x,ds_policy_eval,P95,5,downstream_live,0.016,0.015,0.016
1.0x,ds_policy_eval,P99,5,downstream_live,0.018,0.017,0.02
1.0x,ds_llm_wait,P50,5,downstream_live,9117.374,9059.634,9177.918
1.0x,ds_llm_wait,P95,5,downstream_live,10257.024,10033.573,15637.126
1.0x,ds_llm_wait,P99,5,downstream_live,17435.155,16218.578,17805.605
1.0x,ds_audit_completion,P50,5,downstream_live,17962.99,17906.311,18005.187
1.0x,ds_audit_completion,P95,5,downstream_live,25082.217,24495.651,25272.652
1.0x,ds_audit_completion,P99,5,downstream_live,30867.784,27135.17,31658.528
1.0x,ds_e2e_flow_to_audit,P50,5,downstream_live,143456.438,142082.066,144827.762
1.0x,ds_e2e_flow_to_audit,P95,5,downstream_live,275793.235,275463.966,277815.474
1.0x,ds_e2e_flow_to_audit,P99,5,downstream_live,288974.491,288133.283,290009.013
1.0x,ds_detector_output_to_normalize,P50,5,downstream_live,0.001,0.001,0.001
1.0x,ds_detector_output_to_normalize,P95,5,downstream_live,0.001,0.001,0.001
1.0x,ds_detector_output_to_normalize,P99,5,downstream_live,0.001,0.001,0.001
2.0x,feature_extraction,P50,5,phase_b_offline,0.027,0.026,0.027
2.0x,feature_extraction,P95,5,phase_b_offline,0.042,0.041,0.043
2.0x,feature_extraction,P99,5,phase_b_offline,0.053,0.052,0.054
2.0x,rf_predict,P50,5,phase_b_offline,21.166,21.158,21.172
2.0x,rf_predict,P95,5,phase_b_offline,21.366,21.355,21.374
2.0x,rf_predict,P99,5,phase_b_offline,21.543,21.519,21.563
2.0x,detector_total,P50,5,phase_b_offline,21.195,21.187,21.201
2.0x,detector_total,P95,5,phase_b_offline,21.397,21.386,21.406
2.0x,detector_total,P99,5,phase_b_offline,21.579,21.554,21.599
2.0x,pa_feature_extraction,P50,5,phase_a_live,0.037,0.036,0.038
2.0x,pa_feature_extraction,P95,5,phase_a_live,0.06,0.058,0.061
2.0x,pa_feature_extraction,P99,5,phase_a_live,0.124,0.124,0.134
2.0x,pa_rf_predict,P50,5,phase_a_live,21.751,21.658,21.87
2.0x,pa_rf_predict,P95,5,phase_a_live,32.445,31.899,32.753
2.0x,pa_rf_predict,P99,5,phase_a_live,34.529,34.496,34.94
2.0x,ds_feature_extraction,P50,5,downstream_live,0.034,0.033,0.037
2.0x,ds_feature_extraction,P95,5,downstream_live,0.06,0.057,0.06
2.0x,ds_feature_extraction,P99,5,downstream_live,0.133,0.124,0.228
2.0x,ds_rf_predict,P50,5,downstream_live,21.7,21.63,21.782
2.0x,ds_rf_predict,P95,5,downstream_live,32.15,29.731,32.705
2.0x,ds_rf_predict,P99,5,downstream_live,34.496,33.789,34.94
2.0x,ds_detector_output_to_normalize,P50,5,downstream_live,0.001,0.001,0.001
2.0x,ds_detector_output_to_normalize,P95,5,downstream_live,0.001,0.001,0.001
2.0x,ds_detector_output_to_normalize,P99,5,downstream_live,0.001,0.001,0.001
2.0x,ds_nids_normalization,P50,5,downstream_live,0.017,0.017,0.017
2.0x,ds_nids_normalization,P95,5,downstream_live,0.024,0.023,0.025
2.0x,ds_nids_normalization,P99,5,downstream_live,0.028,0.027,0.03
2.0x,ds_es_indexing,P50,5,downstream_live,3.634,3.54,3.714
2.0x,ds_es_indexing,P95,5,downstream_live,51.235,50.12,52.513
2.0x,ds_es_indexing,P99,5,downstream_live,70.283,52.746,193.148
2.0x,ds_es_confirmed_to_queue,P50,5,downstream_live,1071.773,1033.741,1114.236
2.0x,ds_es_confirmed_to_queue,P95,5,downstream_live,1821.48,1765.651,1866.472
2.0x,ds_es_confirmed_to_queue,P99,5,downstream_live,1879.278,1821.616,1924.28
2.0x,ds_response_normalization,P50,5,downstream_live,0.037,0.037,0.038
2.0x,ds_response_normalization,P95,5,downstream_live,0.054,0.051,0.056
2.0x,ds_response_normalization,P99,5,downstream_live,0.102,0.094,0.105
2.0x,ds_policy_eval,P50,5,downstream_live,0.009,0.009,0.009
2.0x,ds_policy_eval,P95,5,downstream_live,0.015,0.014,0.016
2.0x,ds_policy_eval,P99,5,downstream_live,0.017,0.016,0.019
2.0x,ds_llm_wait,P50,5,downstream_live,8848.111,8825.06,8870.834
2.0x,ds_llm_wait,P95,5,downstream_live,15288.535,9583.658,15610.082
2.0x,ds_llm_wait,P99,5,downstream_live,16128.744,15804.032,16276.173
2.0x,ds_audit_completion,P50,5,downstream_live,17555.156,17524.047,17585.767
2.0x,ds_audit_completion,P95,5,downstream_live,24464.001,24261.248,24826.999
2.0x,ds_audit_completion,P99,5,downstream_live,25294.254,24844.573,31133.022
2.0x,ds_e2e_flow_to_audit,P50,5,downstream_live,129167.983,126050.538,130987.257
2.0x,ds_e2e_flow_to_audit,P95,5,downstream_live,263971.017,261954.091,265978.208
2.0x,ds_e2e_flow_to_audit,P99,5,downstream_live,274479.11,271759.088,275750.435
PP_100.0x,feature_extraction,P50,3,phase_b_offline,0.027,0.026,0.027
PP_100.0x,feature_extraction,P95,3,phase_b_offline,0.045,0.043,0.048
PP_100.0x,feature_extraction,P99,3,phase_b_offline,0.054,0.052,0.055
PP_100.0x,rf_predict,P50,3,phase_b_offline,21.161,21.153,21.168
PP_100.0x,rf_predict,P95,3,phase_b_offline,21.352,21.338,21.367
PP_100.0x,rf_predict,P99,3,phase_b_offline,21.511,21.486,21.533
PP_100.0x,detector_total,P50,3,phase_b_offline,21.19,21.182,21.197
PP_100.0x,detector_total,P95,3,phase_b_offline,21.383,21.368,21.399
PP_100.0x,detector_total,P99,3,phase_b_offline,21.546,21.518,21.567
PP_100.0x,pa_feature_extraction,P50,3,phase_a_live,NA,NA,NA
PP_100.0x,pa_feature_extraction,P95,3,phase_a_live,NA,NA,NA
PP_100.0x,pa_feature_extraction,P99,3,phase_a_live,NA,NA,NA
PP_100.0x,pa_rf_predict,P50,3,phase_a_live,NA,NA,NA
PP_100.0x,pa_rf_predict,P95,3,phase_a_live,NA,NA,NA
PP_100.0x,pa_rf_predict,P99,3,phase_a_live,NA,NA,NA
PP_104.0x,feature_extraction,P50,3,phase_b_offline,0.027,0.027,0.027
PP_104.0x,feature_extraction,P95,3,phase_b_offline,0.044,0.043,0.044
PP_104.0x,feature_extraction,P99,3,phase_b_offline,0.054,0.054,0.055
PP_104.0x,rf_predict,P50,3,phase_b_offline,21.167,21.162,21.172
PP_104.0x,rf_predict,P95,3,phase_b_offline,21.358,21.353,21.361
PP_104.0x,rf_predict,P99,3,phase_b_offline,21.516,21.5,21.531
PP_104.0x,detector_total,P50,3,phase_b_offline,21.196,21.191,21.202
PP_104.0x,detector_total,P95,3,phase_b_offline,21.388,21.383,21.394
PP_104.0x,detector_total,P99,3,phase_b_offline,21.552,21.539,21.566
PP_104.0x,pa_feature_extraction,P50,3,phase_a_live,NA,NA,NA
PP_104.0x,pa_feature_extraction,P95,3,phase_a_live,NA,NA,NA
PP_104.0x,pa_feature_extraction,P99,3,phase_a_live,NA,NA,NA
PP_104.0x,pa_rf_predict,P50,3,phase_a_live,NA,NA,NA
PP_104.0x,pa_rf_predict,P95,3,phase_a_live,NA,NA,NA
PP_104.0x,pa_rf_predict,P99,3,phase_a_live,NA,NA,NA
PP_112.0x,feature_extraction,P50,3,phase_b_offline,0.027,0.027,0.027
PP_112.0x,feature_extraction,P95,3,phase_b_offline,0.045,0.043,0.046
PP_112.0x,feature_extraction,P99,3,phase_b_offline,0.055,0.054,0.055
PP_112.0x,rf_predict,P50,3,phase_b_offline,21.164,21.16,21.169
PP_112.0x,rf_predict,P95,3,phase_b_offline,21.357,21.352,21.36
PP_112.0x,rf_predict,P99,3,phase_b_offline,21.518,21.502,21.537
PP_112.0x,detector_total,P50,3,phase_b_offline,21.193,21.19,21.199
PP_112.0x,detector_total,P95,3,phase_b_offline,21.388,21.382,21.391
PP_112.0x,detector_total,P99,3,phase_b_offline,21.555,21.536,21.569
PP_112.0x,pa_feature_extraction,P50,3,phase_a_live,NA,NA,NA
PP_112.0x,pa_feature_extraction,P95,3,phase_a_live,NA,NA,NA
PP_112.0x,pa_feature_extraction,P99,3,phase_a_live,NA,NA,NA
PP_112.0x,pa_rf_predict,P50,3,phase_a_live,NA,NA,NA
PP_112.0x,pa_rf_predict,P95,3,phase_a_live,NA,NA,NA
PP_112.0x,pa_rf_predict,P99,3,phase_a_live,NA,NA,NA
PP_128.0x,feature_extraction,P50,3,phase_b_offline,0.027,0.027,0.027
PP_128.0x,feature_extraction,P95,3,phase_b_offline,0.045,0.043,0.047
PP_128.0x,feature_extraction,P99,3,phase_b_offline,0.054,0.053,0.055
PP_128.0x,rf_predict,P50,3,phase_b_offline,21.165,21.16,21.17
PP_128.0x,rf_predict,P95,3,phase_b_offline,21.359,21.35,21.365
PP_128.0x,rf_predict,P99,3,phase_b_offline,21.518,21.505,21.538
PP_128.0x,detector_total,P50,3,phase_b_offline,21.194,21.189,21.2
PP_128.0x,detector_total,P95,3,phase_b_offline,21.39,21.38,21.398
PP_128.0x,detector_total,P99,3,phase_b_offline,21.553,21.539,21.578
PP_128.0x,pa_feature_extraction,P50,3,phase_a_live,NA,NA,NA
PP_128.0x,pa_feature_extraction,P95,3,phase_a_live,NA,NA,NA
PP_128.0x,pa_feature_extraction,P99,3,phase_a_live,NA,NA,NA
PP_128.0x,pa_rf_predict,P50,3,phase_a_live,NA,NA,NA
PP_128.0x,pa_rf_predict,P95,3,phase_a_live,NA,NA,NA
PP_128.0x,pa_rf_predict,P99,3,phase_a_live,NA,NA,NA
PP_16.0x,feature_extraction,P50,3,phase_b_offline,0.027,0.026,0.027
PP_16.0x,feature_extraction,P95,3,phase_b_offline,0.044,0.042,0.045
PP_16.0x,feature_extraction,P99,3,phase_b_offline,0.054,0.053,0.055
PP_16.0x,rf_predict,P50,3,phase_b_offline,21.159,21.155,21.164
PP_16.0x,rf_predict,P95,3,phase_b_offline,21.35,21.342,21.352
PP_16.0x,rf_predict,P99,3,phase_b_offline,21.497,21.486,21.513
PP_16.0x,detector_total,P50,3,phase_b_offline,21.188,21.184,21.194
PP_16.0x,detector_total,P95,3,phase_b_offline,21.381,21.375,21.384
PP_16.0x,detector_total,P99,3,phase_b_offline,21.535,21.517,21.551
PP_16.0x,pa_feature_extraction,P50,3,phase_a_live,NA,NA,NA
PP_16.0x,pa_feature_extraction,P95,3,phase_a_live,NA,NA,NA
PP_16.0x,pa_feature_extraction,P99,3,phase_a_live,NA,NA,NA
PP_16.0x,pa_rf_predict,P50,3,phase_a_live,NA,NA,NA
PP_16.0x,pa_rf_predict,P95,3,phase_a_live,NA,NA,NA
PP_16.0x,pa_rf_predict,P99,3,phase_a_live,NA,NA,NA
PP_2.0x,feature_extraction,P50,3,phase_b_offline,0.027,0.027,0.027
PP_2.0x,feature_extraction,P95,3,phase_b_offline,0.043,0.043,0.044
PP_2.0x,feature_extraction,P99,3,phase_b_offline,0.055,0.053,0.056
PP_2.0x,rf_predict,P50,3,phase_b_offline,21.155,21.154,21.156
PP_2.0x,rf_predict,P95,3,phase_b_offline,21.343,21.337,21.345
PP_2.0x,rf_predict,P99,3,phase_b_offline,21.501,21.485,21.511
PP_2.0x,detector_total,P50,3,phase_b_offline,21.185,21.184,21.186
PP_2.0x,detector_total,P95,3,phase_b_offline,21.374,21.367,21.377
PP_2.0x,detector_total,P99,3,phase_b_offline,21.533,21.524,21.548
PP_2.0x,pa_feature_extraction,P50,3,phase_a_live,0.034,0.033,0.034
PP_2.0x,pa_feature_extraction,P95,3,phase_a_live,0.055,0.055,0.058
PP_2.0x,pa_feature_extraction,P99,3,phase_a_live,0.119,0.119,0.222
PP_2.0x,pa_rf_predict,P50,3,phase_a_live,21.462,21.439,21.486
PP_2.0x,pa_rf_predict,P95,3,phase_a_live,22.32,22.217,22.335
PP_2.0x,pa_rf_predict,P99,3,phase_a_live,32.444,32.434,32.743
PP_32.0x,feature_extraction,P50,3,phase_b_offline,0.027,0.027,0.027
PP_32.0x,feature_extraction,P95,3,phase_b_offline,0.046,0.045,0.046
PP_32.0x,feature_extraction,P99,3,phase_b_offline,0.054,0.053,0.054
PP_32.0x,rf_predict,P50,3,phase_b_offline,21.161,21.155,21.165
PP_32.0x,rf_predict,P95,3,phase_b_offline,21.353,21.335,21.369
PP_32.0x,rf_predict,P99,3,phase_b_offline,21.516,21.487,21.542
PP_32.0x,detector_total,P50,3,phase_b_offline,21.191,21.184,21.195
PP_32.0x,detector_total,P95,3,phase_b_offline,21.385,21.366,21.399
PP_32.0x,detector_total,P99,3,phase_b_offline,21.553,21.524,21.573
PP_32.0x,pa_feature_extraction,P50,3,phase_a_live,NA,NA,NA
PP_32.0x,pa_feature_extraction,P95,3,phase_a_live,NA,NA,NA
PP_32.0x,pa_feature_extraction,P99,3,phase_a_live,NA,NA,NA
PP_32.0x,pa_rf_predict,P50,3,phase_a_live,NA,NA,NA
PP_32.0x,pa_rf_predict,P95,3,phase_a_live,NA,NA,NA
PP_32.0x,pa_rf_predict,P99,3,phase_a_live,NA,NA,NA
PP_4.0x,feature_extraction,P50,3,phase_b_offline,0.027,0.027,0.027
PP_4.0x,feature_extraction,P95,3,phase_b_offline,0.047,0.045,0.049
PP_4.0x,feature_extraction,P99,3,phase_b_offline,0.056,0.054,0.058
PP_4.0x,rf_predict,P50,3,phase_b_offline,21.168,21.16,21.177
PP_4.0x,rf_predict,P95,3,phase_b_offline,21.363,21.35,21.382
PP_4.0x,rf_predict,P99,3,phase_b_offline,21.53,21.5,21.568
PP_4.0x,detector_total,P50,3,phase_b_offline,21.198,21.19,21.206
PP_4.0x,detector_total,P95,3,phase_b_offline,21.396,21.381,21.413
PP_4.0x,detector_total,P99,3,phase_b_offline,21.568,21.537,21.608
PP_4.0x,pa_feature_extraction,P50,3,phase_a_live,0.031,0.03,0.032
PP_4.0x,pa_feature_extraction,P95,3,phase_a_live,0.057,0.055,0.059
PP_4.0x,pa_feature_extraction,P99,3,phase_a_live,0.118,0.102,0.25
PP_4.0x,pa_rf_predict,P50,3,phase_a_live,21.376,21.309,21.448
PP_4.0x,pa_rf_predict,P95,3,phase_a_live,22.802,22.329,32.361
PP_4.0x,pa_rf_predict,P99,3,phase_a_live,32.59,25.471,33.132
PP_64.0x,feature_extraction,P50,3,phase_b_offline,0.027,0.026,0.028
PP_64.0x,feature_extraction,P95,3,phase_b_offline,0.043,0.04,0.044
PP_64.0x,feature_extraction,P99,3,phase_b_offline,0.053,0.052,0.054
PP_64.0x,rf_predict,P50,3,phase_b_offline,21.159,21.153,21.169
PP_64.0x,rf_predict,P95,3,phase_b_offline,21.35,21.342,21.36
PP_64.0x,rf_predict,P99,3,phase_b_offline,21.503,21.499,21.508
PP_64.0x,detector_total,P50,3,phase_b_offline,21.189,21.182,21.2
PP_64.0x,detector_total,P95,3,phase_b_offline,21.381,21.372,21.394
PP_64.0x,detector_total,P99,3,phase_b_offline,21.542,21.538,21.547
PP_64.0x,pa_feature_extraction,P50,3,phase_a_live,NA,NA,NA
PP_64.0x,pa_feature_extraction,P95,3,phase_a_live,NA,NA,NA
PP_64.0x,pa_feature_extraction,P99,3,phase_a_live,NA,NA,NA
PP_64.0x,pa_rf_predict,P50,3,phase_a_live,NA,NA,NA
PP_64.0x,pa_rf_predict,P95,3,phase_a_live,NA,NA,NA
PP_64.0x,pa_rf_predict,P99,3,phase_a_live,NA,NA,NA
PP_8.0x,feature_extraction,P50,3,phase_b_offline,0.027,0.026,0.028
PP_8.0x,feature_extraction,P95,3,phase_b_offline,0.042,0.038,0.044
PP_8.0x,feature_extraction,P99,3,phase_b_offline,0.052,0.05,0.053
PP_8.0x,rf_predict,P50,3,phase_b_offline,21.164,21.149,21.19
PP_8.0x,rf_predict,P95,3,phase_b_offline,21.422,21.33,21.611
PP_8.0x,rf_predict,P99,3,phase_b_offline,22.09,21.469,23.229
PP_8.0x,detector_total,P50,3,phase_b_offline,21.193,21.178,21.221
PP_8.0x,detector_total,P95,3,phase_b_offline,21.456,21.362,21.648
PP_8.0x,detector_total,P99,3,phase_b_offline,22.124,21.507,23.273
PP_8.0x,pa_feature_extraction,P50,3,phase_a_live,0.047,0.042,0.115
PP_8.0x,pa_feature_extraction,P95,3,phase_a_live,0.225,0.109,0.225
PP_8.0x,pa_feature_extraction,P99,3,phase_a_live,0.225,0.109,0.225
PP_8.0x,pa_rf_predict,P50,3,phase_a_live,21.527,21.508,25.767
PP_8.0x,pa_rf_predict,P95,3,phase_a_live,31.172,25.637,31.172
PP_8.0x,pa_rf_predict,P99,3,phase_a_live,31.172,25.637,31.172
PP_96.0x,feature_extraction,P50,3,phase_b_offline,0.027,0.027,0.027
PP_96.0x,feature_extraction,P95,3,phase_b_offline,0.046,0.043,0.048
PP_96.0x,feature_extraction,P99,3,phase_b_offline,0.055,0.054,0.056
PP_96.0x,rf_predict,P50,3,phase_b_offline,21.163,21.161,21.167
PP_96.0x,rf_predict,P95,3,phase_b_offline,21.355,21.353,21.361
PP_96.0x,rf_predict,P99,3,phase_b_offline,21.516,21.496,21.547
PP_96.0x,detector_total,P50,3,phase_b_offline,21.193,21.191,21.197
PP_96.0x,detector_total,P95,3,phase_b_offline,21.386,21.384,21.393
PP_96.0x,detector_total,P99,3,phase_b_offline,21.554,21.532,21.588
PP_96.0x,pa_feature_extraction,P50,3,phase_a_live,NA,NA,NA
PP_96.0x,pa_feature_extraction,P95,3,phase_a_live,NA,NA,NA
PP_96.0x,pa_feature_extraction,P99,3,phase_a_live,NA,NA,NA
PP_96.0x,pa_rf_predict,P50,3,phase_a_live,NA,NA,NA
PP_96.0x,pa_rf_predict,P95,3,phase_a_live,NA,NA,NA
PP_96.0x,pa_rf_predict,P99,3,phase_a_live,NA,NA,NA
PP_98.0x,feature_extraction,P50,3,phase_b_offline,0.027,0.027,0.027
PP_98.0x,feature_extraction,P95,3,phase_b_offline,0.043,0.041,0.046
PP_98.0x,feature_extraction,P99,3,phase_b_offline,0.054,0.052,0.057
PP_98.0x,rf_predict,P50,3,phase_b_offline,21.157,21.15,21.166
PP_98.0x,rf_predict,P95,3,phase_b_offline,21.348,21.338,21.362
PP_98.0x,rf_predict,P99,3,phase_b_offline,21.5,21.481,21.516
PP_98.0x,detector_total,P50,3,phase_b_offline,21.186,21.179,21.194
PP_98.0x,detector_total,P95,3,phase_b_offline,21.379,21.369,21.392
PP_98.0x,detector_total,P99,3,phase_b_offline,21.536,21.518,21.549
PP_98.0x,pa_feature_extraction,P50,3,phase_a_live,NA,NA,NA
PP_98.0x,pa_feature_extraction,P95,3,phase_a_live,NA,NA,NA
PP_98.0x,pa_feature_extraction,P99,3,phase_a_live,NA,NA,NA
PP_98.0x,pa_rf_predict,P50,3,phase_a_live,NA,NA,NA
PP_98.0x,pa_rf_predict,P95,3,phase_a_live,NA,NA,NA
PP_98.0x,pa_rf_predict,P99,3,phase_a_live,NA,NA,NA
PP_98.5x,feature_extraction,P50,3,phase_b_offline,0.027,0.027,0.028
PP_98.5x,feature_extraction,P95,3,phase_b_offline,0.047,0.042,0.049
PP_98.5x,feature_extraction,P99,3,phase_b_offline,0.055,0.053,0.056
PP_98.5x,rf_predict,P50,3,phase_b_offline,21.163,21.157,21.169
PP_98.5x,rf_predict,P95,3,phase_b_offline,21.357,21.346,21.365
PP_98.5x,rf_predict,P99,3,phase_b_offline,21.526,21.515,21.54
PP_98.5x,detector_total,P50,3,phase_b_offline,21.193,21.186,21.2
PP_98.5x,detector_total,P95,3,phase_b_offline,21.388,21.378,21.395
PP_98.5x,detector_total,P99,3,phase_b_offline,21.564,21.549,21.582
PP_98.5x,pa_feature_extraction,P50,3,phase_a_live,NA,NA,NA
PP_98.5x,pa_feature_extraction,P95,3,phase_a_live,NA,NA,NA
PP_98.5x,pa_feature_extraction,P99,3,phase_a_live,NA,NA,NA
PP_98.5x,pa_rf_predict,P50,3,phase_a_live,NA,NA,NA
PP_98.5x,pa_rf_predict,P95,3,phase_a_live,NA,NA,NA
PP_98.5x,pa_rf_predict,P99,3,phase_a_live,NA,NA,NA
PP_98.75x,feature_extraction,P50,3,phase_b_offline,0.027,0.027,0.028
PP_98.75x,feature_extraction,P95,3,phase_b_offline,0.044,0.042,0.046
PP_98.75x,feature_extraction,P99,3,phase_b_offline,0.054,0.054,0.054
PP_98.75x,rf_predict,P50,3,phase_b_offline,21.163,21.16,21.166
PP_98.75x,rf_predict,P95,3,phase_b_offline,21.356,21.352,21.364
PP_98.75x,rf_predict,P99,3,phase_b_offline,21.514,21.496,21.53
PP_98.75x,detector_total,P50,3,phase_b_offline,21.193,21.19,21.196
PP_98.75x,detector_total,P95,3,phase_b_offline,21.387,21.384,21.394
PP_98.75x,detector_total,P99,3,phase_b_offline,21.548,21.53,21.576
PP_98.75x,pa_feature_extraction,P50,3,phase_a_live,NA,NA,NA
PP_98.75x,pa_feature_extraction,P95,3,phase_a_live,NA,NA,NA
PP_98.75x,pa_feature_extraction,P99,3,phase_a_live,NA,NA,NA
PP_98.75x,pa_rf_predict,P50,3,phase_a_live,NA,NA,NA
PP_98.75x,pa_rf_predict,P95,3,phase_a_live,NA,NA,NA
PP_98.75x,pa_rf_predict,P99,3,phase_a_live,NA,NA,NA
PP_98.88x,feature_extraction,P50,3,phase_b_offline,0.027,0.026,0.027
PP_98.88x,feature_extraction,P95,3,phase_b_offline,0.045,0.043,0.047
PP_98.88x,feature_extraction,P99,3,phase_b_offline,0.054,0.054,0.055
PP_98.88x,rf_predict,P50,3,phase_b_offline,21.166,21.164,21.172
PP_98.88x,rf_predict,P95,3,phase_b_offline,21.363,21.354,21.37
PP_98.88x,rf_predict,P99,3,phase_b_offline,21.525,21.518,21.536
PP_98.88x,detector_total,P50,3,phase_b_offline,21.196,21.193,21.201
PP_98.88x,detector_total,P95,3,phase_b_offline,21.395,21.386,21.401
PP_98.88x,detector_total,P99,3,phase_b_offline,21.56,21.558,21.567
PP_98.88x,pa_feature_extraction,P50,3,phase_a_live,NA,NA,NA
PP_98.88x,pa_feature_extraction,P95,3,phase_a_live,NA,NA,NA
PP_98.88x,pa_feature_extraction,P99,3,phase_a_live,NA,NA,NA
PP_98.88x,pa_rf_predict,P50,3,phase_a_live,NA,NA,NA
PP_98.88x,pa_rf_predict,P95,3,phase_a_live,NA,NA,NA
PP_98.88x,pa_rf_predict,P99,3,phase_a_live,NA,NA,NA
PP_98.88x_FINAL,feature_extraction,P50,5,phase_b_offline,0.027,0.027,0.027
PP_98.88x_FINAL,feature_extraction,P95,5,phase_b_offline,0.043,0.041,0.045
PP_98.88x_FINAL,feature_extraction,P99,5,phase_b_offline,0.054,0.053,0.054
PP_98.88x_FINAL,rf_predict,P50,5,phase_b_offline,21.163,21.158,21.168
PP_98.88x_FINAL,rf_predict,P95,5,phase_b_offline,21.361,21.355,21.367
PP_98.88x_FINAL,rf_predict,P99,5,phase_b_offline,21.531,21.512,21.541
PP_98.88x_FINAL,detector_total,P50,5,phase_b_offline,21.192,21.187,21.197
PP_98.88x_FINAL,detector_total,P95,5,phase_b_offline,21.392,21.386,21.397
PP_98.88x_FINAL,detector_total,P99,5,phase_b_offline,21.567,21.549,21.578
PP_98.88x_FINAL,pa_feature_extraction,P50,5,phase_a_live,NA,NA,NA
PP_98.88x_FINAL,pa_feature_extraction,P95,5,phase_a_live,NA,NA,NA
PP_98.88x_FINAL,pa_feature_extraction,P99,5,phase_a_live,NA,NA,NA
PP_98.88x_FINAL,pa_rf_predict,P50,5,phase_a_live,NA,NA,NA
PP_98.88x_FINAL,pa_rf_predict,P95,5,phase_a_live,NA,NA,NA
PP_98.88x_FINAL,pa_rf_predict,P99,5,phase_a_live,NA,NA,NA
PP_99.0x,feature_extraction,P50,3,phase_b_offline,0.027,0.027,0.028
PP_99.0x,feature_extraction,P95,3,phase_b_offline,0.044,0.043,0.046
PP_99.0x,feature_extraction,P99,3,phase_b_offline,0.055,0.054,0.056
PP_99.0x,rf_predict,P50,3,phase_b_offline,21.163,21.162,21.165
PP_99.0x,rf_predict,P95,3,phase_b_offline,21.353,21.351,21.356
PP_99.0x,rf_predict,P99,3,phase_b_offline,21.525,21.512,21.537
PP_99.0x,detector_total,P50,3,phase_b_offline,21.192,21.191,21.194
PP_99.0x,detector_total,P95,3,phase_b_offline,21.385,21.382,21.39
PP_99.0x,detector_total,P99,3,phase_b_offline,21.566,21.544,21.573
PP_99.0x,pa_feature_extraction,P50,3,phase_a_live,NA,NA,NA
PP_99.0x,pa_feature_extraction,P95,3,phase_a_live,NA,NA,NA
PP_99.0x,pa_feature_extraction,P99,3,phase_a_live,NA,NA,NA
PP_99.0x,pa_rf_predict,P50,3,phase_a_live,NA,NA,NA
PP_99.0x,pa_rf_predict,P95,3,phase_a_live,NA,NA,NA
PP_99.0x,pa_rf_predict,P99,3,phase_a_live,NA,NA,NA
